comment,sentiment
"غياب السيارات الصينية يعني أن عصابات رأس المال المرتبطة بالغرب لازالت تسيطر على السوق التونسية",negative
"ههههههه السيارات الصينية بقداش و لا ترامب يعطيكم طريحة ",neutral
"بالله العمر متاع السيارة مفتوح والا اقل من  سنوات القانون هذا متاع  ،والمعاليم مزلت مش مفهومة النسبة على السعر الي شريت بيه من اوروبا  شكرا",neutral
"لازم أقل من  سنوات",neutral
"مشكور أما  سنين كراهب غالين ناار هكاوإن شاء الله تجربلنا سيارة كهربائية عادية من تونس لطبرقة عين دراهم مثلا فيديو كامل ووين تتوقف بش تشرجي مثلا رينو كهربائية تجربها في الجبال المنعرجات وطريق سيارة متوسط كيما تونس واد زرقة وشكرا هذا بش يشجع جيبانها ",positive
"يوجد خلل في إشتعال السيارات الكهربائية أاثناء الشحتن",negative
"هايل برشا ناقص فكرة على الأسعار؟",positive
"بربي قداش عمر السيارة الكهربائية الاقصى المسموح بتوريدها لتونس",positive
"نجم نهبطوا معايا الشارجور متاعها من برا ؟",positive
"معناها نقعد نساناها تلاثة سوايع باش تتشرجى سماح",negative
"شكون يفهمني في  اكثر مثال عندي  شريت سيارة من فرنسا كيفاش نوع السيارة وعمرها وقداش تدفع الديوانه ولا حسب قوة السيارة او سعرها",positive
"سوال اذا حبيت نجيب كرهباء موديل جديد مثلا سومها خمسة الف يورو قداش تخلص ديوانية جمارك ؟؟؟",positive
"هذا البلد لا نستطيع الحديث فيه عن اي مشروع بلد قتل الطموح ورغبة العمل و الحلمعليكم بالهجرة فانها اكرم لكم",negative
"هل ممكن ندخل سيارة أقل من سنة منليبيا الى تونس؟",positive
"انا كان نلقى نبيع إلي ورايا و إلي قدامي على   ",positive
"ربي يرزق الجميع",positive
"سلام عليكم بلاهي كان ممكن تعطينا قداش يخلص بالفلوس موش بالنسبة يعني تقريبا و كان فما شكون خلص قداش و شنية نوعية الكرهبة",neutral
"قصدي تعرفش واحد جاب سيارة و قالك قداش خلص مع ذكر نوعية السيارة على خاطر في تونس ساعات نسبة   فلوس برشا يعني باش الواحد يعرف اش يشري",neutral
"السلامقداش خلصت كرهبتو، باش نعرفوا تقريب قيمة ",neutral
"المفروض  و  لكن هو لحد الآن مزال متمش العملية نظرا للبيرقراطية متاع الإدارة",negative
"ثم شكون إصلحهم في تونس",neutral
"بالعكس تحتاج لكن مش كيف السيارات المش كهربائية التي تعمل بالبنزين و الديزل",positive
"حاجتي نحب نشري كرهبة صغيرة و نحب نعرف كيفاه و بشكون نتصل ",positive
" عسلامة الناس الكل  تحديث صغير سوف يقع إصدار قرارات و قوانين جدد بخصوص اقتناء السيارات الكهربائية للمواطن التونسي المقيم في البلد الأم او بلد آخر بداية سنة لذلك نحن بصدد متابعة آخر القوانين و أي تحديث جديد ننزله على مجموعتنا في الفايسبوك السيارات الكهربائية في تونس     شكرا على تفهمكم ",positive
"باللهي بش نسئلك المعالم الديوانية انتع الكرهبة إلي جبها السيد كانت في حدود قداش شكراً",neutral
"قانون ال لا يشمل السيارات الكهربائية لحد الآن",neutral
"لحد الآن ماتنجمش بال الا واحد عايش البرا و عندو على الأقل سنة مجاش لتونس بصفة متواصلة ممكن يتغير في بداية العام القادم خاصة و إنو الدولة بدات تشجع",positive
"السلام عليكم اولا الهدف من الفيديو كان مقتصر فقط على الحديث على كيفية شراء سيارة كهربائية في تونس  كيفاه و وين تتشرجىلكن أكدت في كلامي انو التحول الكامل للسيارات الكهربائية جايينو لا محالة و هذا أكيد على المدى البعيد المصنعين يعرفوا اللي تكلفة تبديل البطارية مكلف جدا و قاعدين يخدموا عليه و نتصور بعد  سنوات بش تكون التكلفة أقل ببرشى حتى بالنسبة للأسعار تاع السيارت الكهربائية قاعدين يرخصوا تدريجياوقتلي ينتشروا السيارت الكهربائية بصفة كبيرة تكثر المنافسة و هكاكا إعادة البيع متكونش بخسارة كبيرة خاصة و إنو كل مصنع تقريبا يعطي  سنوات ضمان على ال بالنسبة لتونس فإنوا المرحلة هاذي مزلنا بعاد عليها برشى اما لازم نخدموا عليها بش منكونوش متأخرين مقارنة حتى بدول أخرى إفريقية",positive
"اذا تاخذها من عند وكيل في تونس فإنه مسؤول على الصيانة حتى بعد سنين ولا تجيبها من البرا اما عندها وكيل في تونس فممكن تصلحها اما اذا جبت  معندوش وكيل  في تونس ممكن تلقى صعوبة كبيرة",neutral
"مسألة انها تنجح او لا مرتبطة بمجهودات الدولة و الوكلاء و المواطنالدولة لازم تاخذ الموضوع بجدية أكثر و تعمل قوانين يشجعوا أكثر على شراء سيارات كهربائية من ناحية السعر، محطات الشحن و امتيازات و علاش لا يوليوا يتركبو في تونس  من ناحية الوكلاء لازم يدرسوا السوق مليح و يبذلوا مجهود و يكثروا من السيارات الهجينة هكاكا يحضروا المستهلك للانتقال لل  و الطلب يزيد و الحكاية عرض و طلب بين الوكلاء و المستهلك كي يوصلوا ل  مرحلة معادش يبيعوا  كيما العادة و الطلب ينقص يوليوا يضغطوا على الدولة و يجيبوا السيارات الكهربائية الموضوع ممكن أعمق من هكا لانو فما بنية تحنية تحكم و تطور يحبلوا سنين في تونس بش يصير",neutral
"ان شاء الله يتوفرو اكثر في تونس الناس الكل تستنى فيهم فدو مالايسونس والمازوط",positive
"شكرا على اقتراحك الهدف توا اننا نركزوا أكثر على السيارات الكهربائية و القادم أفضل بإذن الله",positive
"الحكاية مش حاجة تبدا و لخرى توفى السيارات الكهربائية بداو بالشوية بالشوية ينتشروا في العالم الكل اما اللي لازم تفهموا انهم على المدى البعيدبعد  سنة على الأقل بش يعوضوا السيارات ال بنسبة  بالنسبة لكراهب  قاعد ينقص الانتاج تاعهم و هذا اللي بش يخلي القطايع تنقص  الإقبال ينقص و البترول يغلى  بصفة غير مباشرة بش ننتقلوا للسيارات الصديقة للبيئة بالنسبة للوضع في تونس  توا بدينا نشوفوا أكثر سيارات  يعني  و فيها محرك كهربائي  بطاريةو الدولة بدات تهتم بالتحول هذا و فما شوية تسهيلات و تخفيضات و القادم أفضل بإذن الله",positive
"اذا الموديل موجود في تونس يعني قطع الغيار و الاكسسوارات موجودين اذا لا بش تواجه مشاكل في قطع الغيار الموديلات اللي عنا      ",neutral
"السلام عليكم، برشى مشكروهمش بصراحة من ناحية جودة الموتور و البلاستيك الداخلي",negative
"بلوهم و اشربو ماها ربي انوب ",negative
"يعني سيارة كهربائية تخفض استهلاك المحروقات و تستعمل الكهرباء الي هو اصلا مولد من المحروقات  عبارة ما عملنا شيء و اللي مش يربحو المواطن من ثمن البنزين مش يخسرو غلاء سعر السيارة الي اصلا هذا القطاع يعاني من مشكل انهدام المنافسة و بتالي غلاء الاسعار و دون ان ننسى ثمن الكهرباء المرتفع",negative
"خويا صناعة السيارا الكرهبائية كلو منافسة و غالبية صانعي السيارات عندهم موديلات كهربائية و زيد  الصينية سياراتها تنافس التسلا وتفوقت عليها و السعر معقول خويا كان في تونس الأسعار تولي في العشرة أما في الخارج الاسعار عادية",neutral
"ردبالكم راهو لما تصب الشتاء والفضنات راهو طيح انبان وطصليحها غالي",negative
"براس والديك نقص ملكذب راو فما ڨوڨل و اليوتيوب فيه فيديوهات متع كراهب كهربائية تشق في الوديان و نصها تحت الماء و هنا في أمريكا شفتهم بعينيا و جيراني كاسبين منهم و جوهم احلى جو ما تحشمش تكذب بالك العباد معندهاش أنترنات شتعرف ",negative
"المواطن العادي البسيط المقيم و عايش في تونس ينجم يكمندي كرهبة كهربائية ولا لا و قداش يخلص عليها؟",neutral
"السيارة الكهرباءية مارد راهو معناش لبنية تحتيةلا طقس سخون كان شعلت معادش تطفي                    ",negative
"يا أخي السيارات الكهراباءية يلزمها ايجاد محطات شحن في الشوارع،و هذا غير موجود في تونس؟؟؟؟؟انسى سيارة كهربائية في تونساحسن شيء و نصيحة للمقيمين في الخارج لا تدخلوا سيارات الى تونس،شبكة الطرق خطيرة جدا و سياقة التوانسة عشواءية و ايظا خطيرة،و اجراءات الديوانة معقدة و تعجيزية،",negative
"البطارية أغلى من حق الكرهبة أصبر بركة تو تشوف العجب من غلاء قطع غيار السيارات الكهربائية والله ماهي حل واكبر غلطة ارتكبتها ربي يعوضك خير",negative
"تسمع كان لكلام تجي تشوف تلقا اقل كرهبة ب  مليون",negative
"النسبة للمواطن العادي الي ما خرجش للخارج وما عندوش الإمكانية متاع عام ويحب ياخو سيارة كهربائية بنفس الأداءت القمرقية ،ما هي الإجراءات ؟؟؟؟؟؟؟؟وشكرا",neutral
"باختصار بلاد متخلفة",negative
"سيارة كهرباءية  الرخيصة ب  مليون   يلزم يشري معاها       باش ينجم يشرجي تحت الكالاتوسة  و يروح في العشية",negative
"مواطن بسيط يحب كرهبة الكتريك و رخيصة شنو يلزمو يعمل و قداش تتكلف، مثال داسيا سبرينتر اللي ذكرها السيد و شكرا",neutral
"لم تسأل اهم سؤال هل توجد محطات الشحن في كامل تراب الجمهورية ",neutral
"فما فيديو هبط مبعد الفيديو هذا يحكي على محطات الشحن",neutral
"العالم كامل مي خلصش على الكراهب الإلكتروني هاذا قانون دولي كان في تونس يخلصو شي",negative
"فما فيديو ثاني في القناة هبط مبعد هذا يحكي على بلايص الشحن",neutral
"لازد ننطقو السيارة كرهبة وزيدها كهربائية حتى نطقها مع نطق الكرهبة صعيب هذا مشروع فاشل في تونس خليونا في همنا مناش ناقصين هم جديد",negative
"المشكل انها الدولة اتلوجلك على خلاص يعوض الوقود لانها يجي انهار و ماعادش اتبيع المازوط و الاسانص",positive
"كي طيح بان نهزها لنفيخة مكانيسان الحومة؟",neutral
"ماهي الديوانة باش تخلص عن طريق الستاغ  سيارة كهرباءية في تونس تحب فاتورة الضو تجي  ملاين ؟ ",negative
"مازالت تونس غير مهيأة لإستيعاب السيارات الكهربائية اللي هي أصلا غير مصممة لتتأقلم و تتزقلم مع ضروفنا و طبيعتناو أيضا نقطة مهمة جدا بتكاثر الس الكهربائية سوف يزيد الجهد على توليد الطاقة، يعني إجهاد الستاغ و كل ما يترتب عنه يجب قبل كل شيء الإستثمار في الطاقات المتجددة والنضيفةيعني ما نسبقوش الحصر قبل الجامعكيف عادتنا كل شيء نعملوه بالبهامةو مؤخراتنا عرايا و فرحانين بالخاتم ختمت الميضوع",negative
"يا أخي ثم حاجة ما حكيتش عليها هي البطرية الباهضة الثمن  في حالة يجب تغييرها، و سعرها يساوي نصف سعر السيارة فحذار من السيارات المستعملة طبيعة عملي في نفس الميدان  و لست أتكلم على الهواء",neutral
"  يمكن في اي لحضة تتفجر",negative
"معندناش بنية تحتية متع شارج اولا ثانيا معناش ناس متكونيين باش يصلحوهم ثالثا كياساتنا مخربقة يعني شيء ما يجعش",negative
"اهم شي باش تجيب سيارة مستعملة كهربائية تشوف حالتها العامة و حالة البطاريات و خاصة لازم الشاحن متاحها الاصلي يكون معاها ابعد عن السيارة الي ما عندهاش وقتها الشاحن الاصلي ، في العموم فما زوز شواحن للسيارة واحد منزلي وواحد لبرة في نقاط الشحن لازم تشوف حالة البطارية ، قاعدة اساسية في البطارية عمرها و الكيلومترات المقطوعة باش تعرف حالتها و نوعية الشحن المستعمل علما و ان الشحن السريع  يهدد البطارية و سلامتها و يقلص من مدى الكيلومترات المقطوعة و خاصة انو اغلب البطاريات ليثيوم قابل للاشتعال بسبب تماس كهربائي واغلب الحالات نتيجة الشحن السريع الدائممثلا سيارة كهربائية عمرها ثلاثة سنين في  و  الف كلم  يورو ، السوم ممكن يعجبك  ،ابعد عليها ، صاحبها اكيد يمشي بيها مسافات كبيرة و يشحن شحن سريع  ، باش تلقى فيها مشاكل و حتى  من الشحن ما تخلطش عليها صحيح فما اليوم مراكز تشخيص للبطاريات يعطيك كشف كامل لحالة البطارية ب يورو و يمكن تحسين فاعيلتها لكن من المستحسن  ولو سيارة ب   الف يورو ب  كلم عمرها  او سنين احسن  من سيارة  او الاف يورو البطارية فيها مشاكل لازم تثبت من حالة السيارة هل هناك عقد استئجار البطارية و الا لا  موش الثمن باهي و تنسى انو فما استئجار البطارية من املاكها الحالي  مدى   البطاريات قبل الشحن مرتبط اساسا بعوامل هامة الوزن متاع السيارة مهم ، سيارة ثقيلة بالركاب و الحمولة تؤثر بشكل كبير على البطاريات طريقة السياقة  مهمة سياقة عنيفة و سريعة مع استعمال مكابح دائما تعب البطاريات و في فترة وجيزة  تولي السيارة غير عملية و فيها مشاكل ، زيد الشحن الدائم و خاصة السريع يكمل عليها السيارة الكهربائية اليوم مفيدة للذهاب للعمل و وسط العاصمة و الضواحي او اماكن لا تبع   كلم عموما اذا انت مضطر دائما لمسافات طويلة سيب عليك ، اليوم المدى المتوسط للبطاريات قبل الشحن في حدود   كلم في السيارات متاع   يورو  حسب معايير   انا احكي عن السيارات المتاحة لاغلب الجمهور رينو زوي نيسان ليف و مودالات اخرى بدات تخرج بيجو  و فيات  و داسيا سبرينغ ارخص السياراتالسيارات الصينية الي عاملة غولة في اروبا اليوم نحكي الكهربائية لدي تحفظ عليها صحيح الصيني موجود في تونس لكن مصلحة ما بعد البيع و الصيانة ما تشجعش في المدى الطويل خاصة وكيل لماركة قديمة يبقى مضمون موش ماركة صينية موش مضمون تبقى لسنوات تخرج في اية لحظة و الحريف يوحل    تيسلا اس و اخواتها و مرسيدس ايكو و بورش تيكان  اس الي مداها اكبر حسب مواصفات  لكنها موش للزواولة مثلنا نستناوو اليوم البطاريات الصلبة او بطاريات السوديوم ايون باش مدى البطاريات يتحسن و وزنها يخف و تكون امنة ، الكل قاعد يخدم في المجال و توصلو لنتايج مهمة ، من هنا  ل    باش تولي سيارات بمثل البطاريات الصلبة باسعار باهية  ان شاء الله سعر الدينار يتحسن باش ترخص في العموم اهم شي قبل الختام في تونس حالة الطرقات تتحسن و نقاط الشحن تكثر لان سيارات اليثيوم تتعب في تونس في السخانة و الحفر و تولي قنبلة موقوتة  طريقة الاستعمال كيما قلت تمشي للخدمة و وسط البلاد تولي افار  السيارة ،  بتقدم التكنولوجيا اليوم الوكيل لازم يوفر خدمات ذات جودة خصوصا تكنولوجيا السيارات المبرمجة او التواصل خصوصا وان السيارة الكهربائية لازم كل مدة تمر لتحيين البرمجية بالنسبة للمحرك او وسائل التواصل و الحاسوب المدمج تونس لازمها لحدود  باش تولي السيارة الكهربائية بتكنولوجيا البطاريات الصلبة و البنية المهيئة و نقاط الشحن المتوافرة و مدى   كلم للبطارية مشجعة للتونسيين باسعار معقولة و خدمات مضمونة",neutral
"خويا السايرات الكهربائية توا اختيار فاشل  لا يزي ما فماش اشكون يصلح و يتلهى بالصيانة  نقطة اخرى نقاط الشحن السريع موش موجودة بكثرة زيد الشاحن الكلاسيكي لازمو ساعات يعني كل واحد يحدر روحو في الليل قبل ما ينام يحت الشحن و النقطة الاهم البطاريات الليثيوم في طقس تونس عبارة عن قنبلة موقوتة يمكن بسوء الطريق و الحرارة تنفجر و البطاريات لا يمكن اطفاؤها  لازم الناس تتريث  سنين باش نمرو لبطاريات الصلبة او بطاريات  السوديوم الي تويوتا و برشا شركات تطور فيها اليوم في كلمة موش وقت السيارة الكهربائية اليوم في تونس لازم  سنين على  الاقل باش تحضر البلاد و تتغير البطاريات و تتوفر الصيانة",negative
"اذا تعطلت وين يصلحها وفي تونس مافماش مكنيك سيارات كهربائية ؟؟",neutral
"خويا السايرات الكهربائية توا اختيار فاشل  لا يزي ما فماش اشكون يصلح و يتلهى بالصيانة  نقطة اخرى نقاط الشحن السريع موش موجودة بكثرة زيد الشاحن الكلاسيكي لازمو ساعات يعني كل واحد يحدر روحو في الليل قبل ما ينام يحت الشحن و النقطة الاهم البطاريات الليثيوم في طقس تونس عبارة عن قنبلة موقوتة يمكن بسوء الطريق و الحرارة تنفجر و البطاريات لا يمكن اطفاؤها  لازم الناس تتريث  سنين باش نمرو لبطاريات الصلبة او بطاريات  السوديوم الي تويوتا و برشا شركات تطور فيها اليوم في كلمة موش وقت السيارة الكهربائية اليوم في تونس لازم  سنين على  الاقل باش تحضر البلاد و تتغير البطاريات و تتوفر الصيانة",negative
"شكرا على المشاهدةفيديو ثاني حول كيفية استعمال سيارة كهربائية في تونس موجود أيضا في القناة ",neutral
"عسلامة نزلنا فيديو ثاني حول السيارات الكهربائية وين حكينا على الصيانة اللازمة و كيفاش تصير و في الفيديو هذا حكينا انو من المحبذ الشخص يجيب كرهبة عندها وكيل في تونس بش يتفادى المشاكل",neutral
"أطول رحلة عملتها بسيارة كهربائية فوق  كيلو  و السيارات تمشي  كيلوا ",neutral
"بلاهي فما ميني كوبر  العالية كما   وقداش سومها سيارة كهربائية نحكي",neutral
"شنوا  ساعتين ونص وانا نشرجي ما عندي ما نعمل  وانا مربوط في نقطة الشحن ؟؟؟   مضيعة للوقت ، ثم اذا كانت السيارة مشحونة  في  وتظل واقفة في المستودع في الليل هل في الصباح يكون الشحن صفر وضعيف جدا  مثل ما يحصل للهاتف الجوال ، في هذه الحالة ، هذه السيارة ممنوع  المجازفة بها واستعمالها لمسافات طويلة وفي الليل والتخييم في الجبال او الشواطئ حتى اذا كان الشحن كامل وفول  ربما ينقص الشحن طوال الليل والسيارة رابضة  وفي الصباح يكون الشحن ضعيف جدا او منعدم فكيف ستشحن من جديد وهي رابضة في الخلاء ويتعقد الموقف أكثر اذا كان معك أطفال مجرد تذهب للسباحة وترجع تجد سيارتك استهلكت كل الشحن وتمشي على الحديد ماذا تفعل ؟؟ في احسن الحالات تضيف  ساعات لشحنها من جديد يعني اذا برمجت خرجة انت والعائلة لتبحيرة  لنصف يوم سوف تجبرك هذه السيارة على اضافة النصف الثاني من اليوم هذا غير مقبول اطلاقا ان تتحكم هذه السيارة في وقتك لا نريدها",negative
"لاحد يصدقه ياجماعه  انا معاي سيارة صينيه ومن ارخص الانواع وماشاء الله من يوم ماشتريتها ماقد سويت لها صيانه كل الي اسويه حرفيا اني اشحنها واذا شحنتها اشحنها مره في الاسبوع لانها تمشيني اسبوع كامل",positive
"الكهربائيه لاتصلح لحرارة أجواء الخليج من واقع تجربه",negative
"ملاحظة ،اشهار السيارات الكهرباءية في تونس ناقصة برشا وكذلك التسعيرات غير واضحة على الصعيد الوطني عليكم استجواب الشارع التونسي",neutral
"كم من الوقت للاكتفاء الذاتي من السيارات الكهرباءية في تونس ملاحظة التقليص من ثمن السيارات الكهرباءية للمستوى المتوسط هاما للاقبال على الشراء والتشويق",neutral
"كم تدوم بطارية السيارة وكم من ساعة الشحن",neutral
"نشالله تكون من نصيبي خاترني نحب البيئة ",positive
"متتوفرش فيها السلامة الكاملة خطر موت  كيف قدر عليكم ربي عملتوها بحجم عادي كيف لكراهب كل",negative
"بالتوفيق إن شاء الله كل الدعم تحيا تونس وولاد بلادي",positive
"عادي طيح في حفرةتقعد إنت و السيارة فيها حتى لين تجي الحماية",negative
"ما جات شي",negative
"أول الغيث قطرة خطوة باهية بالتوفيق",positive
"كل التوفيق",positive
"حسنو من الشكل الخارجي وعدد المقاعد والسرعة",neutral
"الشيء احسن من اللا شيء  ",positive
"بالتوفيق ان شاء الله ",positive
"برويطة إليكتريك",negative
"عملتو دمج مع شركة ويليس و خرجتولنا سيارة كهربائية صالحة للمواطن و للتاكسي و تربح الناس لكل علاش زوز شركات مفرقين خرجولنا سيارات من القرن العشرين  العالم تطور ",neutral
"والله السيارة رهيبة",positive
"صديقة للبيئة مثل  ",positive
"ليس بغريب على الشعب التونسي العريق، بلد قرطاج،حن بعل  بلد العقول والاجتهاد الثروة الحقيقية هي العنصر البشري الأصيل وليس بلد محطة وقود  مشالله مزيد من التألق",positive
"الهجينة افضل بكثير الكهربائية ماراح احد يشتريها بسبب مشاكل البطارية ",negative
"كم قيمة البطارية لجميع السيارات وبعدين شوف خلال عشر سنوات انت ايش ربحان وايش خسران وحتى قيمة السيارة ممكن تتاثر عند البيع",neutral
"اغبى فكرة هي السيارات الكهربائيةماهي المصادر التي من خلالها يتم شحن السيارة الكهربائية ؟ اليس الكرباء  كيف يتم توليد الكهرباء ؟ اكيد عن طريق استخراج المواد الاحفورية اي النفط والغاز والفحم اي نفس الفكرة ولكن بطريقة غير مباشرةناهيك عن ارتفاع اسعار الكهرباءصناعة السيارات الكهربائية تواجه مشاكل والاقبال عليها انخفض الى مستويات منخفظة مما ادى الى تخفيض انتاجها عالميالاننسى ان صناعة بطارية السيارة لها تأثير خطير على المناخ",negative
"اولا الكهرباء مستقبلا ستكون بالطاقة الشمسية والرياح وسيقل او يعدم الانتاج بالاحفورياتثانيا لنفرض انها تستخرج من الاحفوريات وتستعمل بالسيارات لكنها لاتبعث اي انبعاثات ضاره من العوادم مثل سيارات الديزل",positive
"مع احترامي لحضرتك بس معلوماتك عن الهايبرد ناقصة جداً جداً  السيارات الكهربائية بالكامل لازال الوقت مبكر عليها",negative
"سؤال بما أنه الكهربائية افضل ليش ما يكون سقف السيارة عبارة عن مجمعات شمسيه للطاقة لتوفير طاقة وتخزينها  لحاجه السيارة بدل الحاجه الدائمه للشحن",neutral
"لأنه بطاريات السيارات الكهربائية قابلة للتطوير سنويآ بحيث تشحن في عشر دقائق و تمشي السيارة أكثر من ألف كيلومتر و هي كافية جدآ",positive
"المشكلة في شحن البطارية  ، ياريت الدولة تسمح اكل محطات البنزين بوضع شواحن كهرباء فيها",negative
"هل ممكن شحن السيارة الكهربائية بالمولد؟",neutral
"ياريت تحكي عن عمر البطاريات سيارة الكهربائية  او التيسلا الافتراضيوكم تكلفة في حال تبديل البطاريات ",neutral
"سيارات الكهرباء خيار وليس المستقبل  ولن وتنهي دور السيارة العادية  واهم الاسباب  تغير البطارية بعد ثلاث سنوات تقريبا مكلف جدا  وايضا مشكلة مأخذ الشحن حتى لو كان متوفر بكثرة لكن لا غنى عن توفر مكان للشحن بمزلك وهاد مستحيل التطبيق للجميع  وطبعا المسافة المقطعوعة تعتبر قصيرة لأعادة الشحن مرة اخرى ",negative
"والله سياره كهربائية عن تجربة شي روعه",positive
"للاسف مستقبل السيارات الكهربائية مظلم للناس الفقراء السيارات الكهربائية اذا احترقت مافي اي حدا يقدر يطفي النارالكيلو واط ساعي كل مالوا عم يغلى للاسف مستقلل مظلم",negative
"برأيي كلفة صناعة كم هائل من السيارات الكهربائية غير صديق للبيئة نهائياليثيوم وتلوث البيئةوحرائق بطارية الليثيوم يحتاج كميات هائلة من المياه للإطفاءوالماء رح يكون نادر حتى بالمانيا الله اعلمبرأيي لازم ايجاد حلول لجمع البطاريات التالفة او اللتي لم تعد تعملو ووإلا سوف يعم التلوث التراب والمياه الجوفية",negative
" عزيزي طونيشكرا لك للمعلومة كأني سمعت بهكذا بطارية بوليميرلم لا ماكتبت اولا عنيت به الليثيوم يريدون تسويقه لنا بانه صديق للبيئة وهو ملوث من الاستخراج وبعد انتهاء عمر البطاريةناهيك عن تصرف بعض الناس مثلا القاء السكوترات الكهربائية بنهر الراين نمني النفس معك ومع كل اللذين يحلمون بسيارة نظيفة صديقة للبيئة ١٠٠ بالمئةاللهم أمن بطاريات البوليمير واجعلها رخيصة وصديقة قلب البيئةورخيصة ايضا وغير ثقيلة جداقل اللهم آميينلا نستطيع الا التمني للافضلاذا كان الحل بوليمير لم لاانشالله خيرودمتم بالف خير",negative
"عمر البطارية على الاقل  سنوات والشركات بتعطي فيها ضمان  ",positive
"ما مصير السيارة الكهربائية بعد عشر سنوات عندما تضعف البطارية ما تكلفة تجديد البطاريات هل سادفع ثمن سيارتي مرة أخرى لكي اجدد البطاريات",neutral
"السيارات الكهربائية الألمانيه تملك القوه والفخامه ولكن الاسعار مبالغ فيها وهاد سبب شراء كثير من الناس الصيني مواصفات جديدة وأسعار مناسبة",positive
"يجب ان يكون هناك بحثقبل شراء أى سيارات خصتا سيارات كهربائيةيجب مقارنة المدى وسرعة الشحن والكفاءة في الفئة السعرية للسيارات",neutral
"طاقة نظيفة افضل حل البشرية والطبيعة",positive
"الطاقة الكهربائية تنتج باستعمال حرق الغاز او الوقود الاحفوري اي انها ليست طاقة نظيفة",negative
"السيارات الكهربائية لا تكلفن شيئًا لشحنها على الأقل باستخدام الشاحن الشمسي في المنزل حتى للتنقل من العمل كنت أستقل سيارة أجرة بين العمل ومحطة القطار الآن أستخدم سكوتر كهربائي بتكلفة  دولار لمسافة  كيلومترات",positive
"السيارات الكهربائيه غير مهم من صنعها فهي بنفس الجوده عكس سيارات الوقود الى تحتاج الى صانع ماهر في المكينه والقير وانظمه الحركه التى لازم تعمل بتناغم كبير",positive
"السيارات الكهربائيه لا تصلح اطلاقا بها نسبه خطوره كبيره ولا تصلح في الاجواء الحاره وايست اعتماديه نهائيا",negative
"السياره الكهربائيه هتكون الإختيار الأفضل والوحيد فى حاله واحده لو الدوله فتحت باب استيراد النوع دا من السيارات وقطع غيراها بدون جمارك للشركات والوكلاء والافراد أو تم تصنيعها أو تجمعها داخل مصرورخص تمنها وبقى فى متناول جميع فئات الشعب ساعتها هتبقى زيها زى التليفون المحمول ويبقلها أسواق بيع وشراء واستبدال ولما ينتهى عمرها الافتراضى ومينفعش فيها صيانهيتعمل لها أعاده تدوير ويتم التخلص من الأجزاء الخطر إللى فيها عن طريق ناس متخصصه والدوله هتوفر مليارات الدولارات مواد بتروليه زي البنزين وزيوت السيارات وهنحافظ على البيئه ونحد من إرتفاع درجه حراره الأرض والتغير المناخي",neutral
"هل ممكن ان يتم تحويل سيارة البنزين الي كهرباء؟",neutral
"اكيد المستقبل للسيارات الكهربائية",positive
"خطر انفجار البطاريات في الأجواء الحارة يهدد الحياةتصلح باوروبا وامريكا",negative
"بعد خمس سنوات باذن الله ونعرف العيوب يعني ",neutral
"مشروع فاشل السيارات الكهرابائية",negative
"كم الطاقه المستهلكه فى الساعه لشحن البطاريه ؟ وكم عدد الساعات المطلوبه لشحن البطاريه",neutral
"نوع البطاريه ايه وما هو العمر الافتراضي وكم سعر البطاريات ؟",neutral
"سعر البطارية نص سعر السيارة",neutral
"سيارات فاشلة",negative
"كام سعر السياره الكهربائيه",neutral
"كثرة السيارات الكهربائية لازم يرافقها كثرة الورش لصيانتها",neutral
"اكبر خطىء هو شراء سيارة كهرباءية في دولة عربية لان مشاكلها ستتكاثر ولن تجدوا الحلول هي اصلا لم يتحكموا في تكنلوجيتها ",negative
"سؤال بالنسبة لقطع الغيار في حالة الحوادث لاقدر الله هل متوفره وهل لها قطع استعمال ولا لا",neutral
"سعر البطارية كام متوسط السعر يعني",neutral
"ثمن العربية غالي جدا ، فالصرف أصلا يبقي في ثمن السيارة الباهظ جدا  ثانيا مدة الشحن طويلة جدا  ثالثا البطاريات لما تقدم ممكن ترمي السيارة",negative
"مشروع السيارة الكهربائية  هو مشروع  غير ناضج  انه مشروع سياسي قبل ان يكون مشروعا بيئيا او اقتصاديا",negative
"انتاج طن من الليثيوم يحتاج الى مليون لتر من الماءعالم الكيمياء المغربي رشيد اليزمي واحد من الذين ساهموا في اختراع بطاريات الليثيوم",neutral
"احتمالية انك تسوي حادث فيها هي  بسبب ان سرعتها القصوى هي  و لانها صغيرة ف تعدي من اي مكان ببساطة",positive
"بالعكس اصلا نسبه انك تسوي فيها حادث ولا واحد بالميه لانها صغيره",positive
"كم سعر بطاريتها ؟ كم العمر الافتراضي للبطارية ؟ كم مدة شحنها لتونس للفل؟",neutral
"أكثر عيوب السيارة هاذي أنها اكيد لا تتحمل صدمة اي حادث بسيط يعرض حياة الركاب للخطر وشكرا",negative
"   السيارة مبنية من هيكل من الفولاذ ومحققة اعلى معايير السلامة الاوروبية والالمانية",positive
"بالنسبة للسيارات الكهربائية سعرها رخيص جدا",positive
"سيارة ممتازة ما اعطيت معلومات عن مدة الشحن بتحتاجو لتفلل البطارية هل هي مدخل او مدخلين شحن لتفيد المتابعين  للعلم السيارة  صح صغيرة بس كوزن اثقل منسيارة كيا بيكانتو ومن ناحية الامان نظام سيفتي فيها عالي جدا شصي سيارة بجي مثل القفص اقوى من ناحية الحماية في حالة حدوث حادث",neutral
"هل يجب ان تحمل رخصة لقيادتها ،، وكيف اداء على الطرق السريعة",neutral
"نعم بتحتاج رخصة  ليست مخصصه للطرق السريعه",neutral
"لاتوجد  محطات شحن للسياره الكهربائيه  يجب تعميم المحطات في كل مدينه  ثانيا الصيانه لايوجد فني واحد لإصلاح السياره في كل مدينه",negative
"الكهربائية اتوقع ماتنجح مع الوقت قدام ،  ممكن يرجعون للسيارات البترول",negative
"مشكلة في سعر وقطع الغيار غالية غير متوفر الا خلل شهرين الى ثلاثة شهور",negative
"السياره الكهربائيه امنه جدا",positive
"يا جماعة الارض سخنت من التلوث فيلزم استعمال مصادر الطاقة النظيفة ونبتعد عن الوقود الاحفوري الذي يساهم في احترار المناخ معا لاجل حياة نظيفة ومناخ سليم",positive
"تم اصدار بطريات صلبه بديله عن ليثيوم وهذي بطاريات جديده امنيه واخف وزن وتخزن طاقة اكثر واقل حجم",positive
"قمبلا موقوته",negative
"كل مصانع السيارات تصنع سيارات كهربائيه لانه هو مستقبل السيارات اما الانفجار لابد من اسباب",positive
"كل المشاكل راح يحلوها  والمستقبل للكهرباء  والطاقة البديلة",positive
"اشتريت سيارت كهرباءية  من  سنوات انصح بشراءها  ولا مرة عملت عطل    دقيقة تتعبا فل بروح بيها  كيلو  مشكل بس مافي نقاط  شحن هادا دور الدولة  واصلا  صعب الدول العربية والافريقية تنجح عندهم  السيارات الكهرباءية بسبب نقص  محطات ااشحن  ستنجح كثيرا بالصين وامريكا واوروبا  فقط",positive
"بعد  او  سنوات ستختفي جميع السيارات العاديه وتبقى السيارات الكهربائية",neutral
"من أين أتيت بهذا الدراسة ونحن نريد بنزين وليس كهرباء لأنه أفضل ",negative
"مشكلة البطاريه اليابان حلة المشكله بدلة بطارية الليثيوم بطارية الحالة الصالبه سعر وأمان عدم انفجار وعمر افتراضي",neutral
"السيارات الكهربا احسن سيارات بالعالم، وداعا للبنزين ولإستغلال الناس والكذب عليهم، وداعا للأعطال والتصليح ونصب ورشات التصليح، وداعا لمصروف البنزين وغيار الزيت والفلاتر والبريكات، وداعا للخوف من شمات الهوى البعيدة بسبب غلاء البنزين، باي باي",positive
"اي شخص يفضل سيارة كهربائية مايفهم بالسيارات ويحب الالعاب الكهربائية العاب ومكنسة يعني تخيل مثلا سبورت يصير صوتها مكنسة والله فشلة وراحت الهيبة والفخامة",negative
"ما بحب السيارات الكهربائية واظن انها كلها خردة",negative
"هناك خمسون نظام حماية من ماس كهربائي",positive
"كلام دقيق نصيحة لا تشتري سيارة الكهربائية لان شركات بصدد صناعة سيارات هيدروجينية قوية وتمشي فوق الف كم بشحنة واحدة وبأقل زمن ",negative
"الصين طورت البطاريات ولا تنفجر حتى لو حادث عنيف و شركة بناسونيك اليابانية طورة بطارية لا تنفجر و غير قابلة للإشتعال العالم الحديث يتجه إلى الطاقة النظيفة وحنا مزال نحلم بسيارت ديزل قديمة",positive
"السيارات الكهربائية ليست نظيفة",negative
"مافي طاقة نظيفة حاليا حتى السيارات الكهربائية بحاجة لكهرباء والي بدها مصانع كهرباء تعمل بالوقود او الفحم اما المصادر النظيفة للكهرباء مازالت محدودة كثيرا ولا تكفي الاحتياجات العادية ليس شحن السيارات الكهربائية",neutral
"من اوسخ واقذر الدعايات ان السيارات الكهربائية هي صديقة للبيئة بل بالعكس نسبة التلوث في تصنيع البطارية يعادل ثلاث اضعاف نسبة التلوث في سيارات البنزين لكن لليهود رأي آخر",negative
"السيارات الكهربائية هي مستقبل لنقل للعالم كله وانت لك رأي اخر روح اصنع انت وبلدك اصنعو سياره بنزين ",positive
"كلامه صحيح البطاريات جدا خطرة وصارت مصائب من وراها",negative
"يا جماعه المهندسين محتاطين لكل المشاكل التي تتخوفون منها السياره الكهربائيه امينه جداً",positive
"البنزين صح قابل للاشتعال بس ما واح يشتعل لحاله غير بفعل فاعل اما الكهربا اذا صار اي التناس راح يسير مصايب وغير هيك اذا خربت البطارية يعني انتهى عمر السيارة كامله لانو البطاريا بسعرها",negative
"الكارثة ان البطاريات تحت المقاعد الخلفية يعني لوحادث او ماس او انفجار  راح تصلي على عيالك صلاة الميت",negative
"نصيحة  لا تشتري  سيارة كهربائية أبدآ  إلا  في حالة  واحدة فقط    إن فرضت عليك قوانين الدولة  ذلك",negative
"و نعم النصيحة اخويطول عمره كان سيارات البترول احسن و اضمن",negative
"الحرب على السيارات الكهربائية لانها لا تحتاج الى ميكانيكي",neutral
"اذا استخدام مدينة اتفق معك لكن انك تستخدمها للسفر هذي صعبة",neutral
" انت تحتاج فني لاصلاح نظام التعليق والفرامل واصلاح التروس والمحرك الكهربائي وايضا تحتاج الى فني محترف في الكهرباء والبرمجة ، باختصار اغلب الفنيين او ٪ منهم في العالم العربي غير مهيئ لاصلاح السيارات الكهربائية يعني لازم تذهب للوكيل ويكلفك اصلاح السيارة بقيمة سيارة كاملة المسالة مادية فقط لا اكثر",negative
"السيارة الكهربائية افضل ، احتمال احتراقها اقل بكثير من سيارة وقود وتكلفة الصيانة شبه منعدمة ،والبطارية تستبدل الخلايا التالفة فقط ، رخيصة للغاية",positive
"اللي يفضل كهربائي مايفهم شي بالسيارات ويحب سيارات الصينية لانها فاشلة مثل الكهربائية",negative
"مشكلة ماعندكش وين تشرجيها هههه",negative
"ربي معاك انا امنتي نركب فيها وللله محلها مبروك",positive
"يعطيك الصحة على الفيديو! فكرة باهية برشا الكراهب الكهرباء، خاصة لتونس نظيفة.",positive
"أما السوم يا معلم؟ أكيد غالية نار و أحنا توانسة زواولة.",negative
"قداش تعمل من كيلومتر بالشارجة الواحدة؟ بالله جاوبني.",neutral
"إن شاء الله نشوفوهم في تونس قريبًا! خطوة للأمام.",positive
"ما عناش البنية التحتية متاع الشارج في تونس، كلام فارغ هذا.",negative
"فكرة ممتازة أما البطارية قداش تشد؟ و سوم تبديلها؟",neutral
"أنا مع الكراهب هذوما، أقل تلوث و أقل مصاريف إيسونس.",positive
"صعيب ياسر في تونس، الضو ديما يقص، كيفاش باش تشارجي؟",negative
"مزيانة الكرهبة، أما قطع الغيار متوفرة؟",neutral
"تحيا تونس الخضراء! نتمناو الدعم من الدولة.",positive
"سومهم يخلع! خليها تصدي عندهم.",negative
"شنوة الماركات الموجودة في تونس؟",neutral
"برافو! لازمنا نوعيو الناس بأهمية السيارات الكهربائية.",positive
"وين باش نلقاو لي بورن دو شارج (bornes de charge)؟ في كل زنقة؟ مستحيل.",negative
"عندي سؤال: هل الدولة عندها برنامج لتشجيع شراء السيارات هذه؟",neutral
"أحلى حاجة إنها ساكتة و ما تعملش حس! راحة.",positive
"يا ولادي، البطارية بعد 5 سنين تولي زبلة، و حقها قد الكرهبة.",negative
"نتصورها عملية في المدن الكبيرة أما في الريف صعيب.",neutral
"فيديو مفيد برشا، شكراً.",positive
"كان جات أرخص شوية، الناس الكل تشري.",negative
"شكون جربها في تونس؟ يعطينا رايو بصراحة.",neutral
"الكهرباء في تونس غالية أصلاً، تزيد تكمل عليها بالشارج!",negative
"باهي كبداية، أما مازالت الخدمة طويلة.",neutral
"أنا متفائل، تونس قادرة تنجح في هذا المجال.",positive
"كلام جميل، أما الواقع مر. الأسوام خيالية.",negative
"هل يوجد تسهيلات في الدفع؟",neutral
"ممتاز! تكنولوجيا المستقبل بين يدينا.",positive
"ما ننساوش مشكلة البطاريات و وين باش يمشيو بعد ما يوفاو.",negative
"شنوة الفرق في الصيانة بينها و بين كراهب الإيسونس؟",neutral
"نحلموا بيهم في تونس أما الله غالب.",negative
"فكرة قوية، خاصة مع ارتفاع سعر البترول.",positive
"كان ينقصوا في الديوانة متاعهم شوية، تولي في المتناول.",neutral
"مازلت ماعنديش ثقة في حكاية الأوتونومي (autonomie) متاعهم.",negative
"يعطيك الصحة خويا، شرح وافي.",positive
"أنا مع كل ما هو صديق للبيئة.",positive
"الأسعار في أوروبا حاجة و في تونس حاجة أخرى خلاص.",negative
"هل البطارية تتأثر بالطقس السخون في تونس؟",neutral
"نقلة نوعية لتونس! لازم التشجيع.",positive
"مازالت بكري عليها الحكاية في بلادنا.",negative
"نستناو نشوفوهم بكثرة، و الأسعار ترخص.",neutral
"صوت المحرك متاع الإيسونس عندو وحشتو زادة هههه.",neutral
"أهم حاجة المحافظة على البيئة، برافو.",positive
"خايف من تكاليف التصليح كان فسدت حاجة.",negative
"مقارنة بالدول الأخرى، تونس مازالت بعيدة.",negative
"هل فما موديلات صغيرة و اقتصادية؟",neutral
"بصراحة، تصميمهم عصري و يجذب.",positive
"الواحد يخمم ألف مرة قبل ما يشري، خاصة مع سوم البطارية.",negative
"مبادرة طيبة، إن شاء الله تتطور.",positive
"قداش وقت لازمها باش تتشارجا كاملة؟",neutral
"ما فهمتش علاش الدولة ما تعملش مجهود أكبر في توفير البنية التحتية.",negative
"أنا ضدها، مازلت نحب الإيسونس و ريحتو.",negative
"فكرة ممتازة للحد من التلوث السمعي زادة.",positive
"هل صحيح أن صيانتها أقل تكلفة؟",neutral
"يا حسرة على كراهب قبل، هذوما تحسهم بلاستيك.",negative
"مستقبل واعد للسيارات الكهربائية في تونس.",positive
"الضمان على البطارية قداش من عام؟",neutral
"إذا سومها معقول، علاش لا؟",positive
"المشكلة الكبيرة هي إعادة تدوير البطاريات.",negative
"شنوة الإجراءات اللازمة لتركيب شارجور في الدار؟",neutral
"ما شاء الله، تكنولوجيا متطورة.",positive
"خايف لا نتوكل على عصيدة باردة، و نبلعها.",negative
"الدولة لازمها تعاون المواطن، مش تزيد عليه.",negative
"هل ينصح بها للسفر لمسافات طويلة داخل تونس؟",neutral
"منظرها يشهي، أما الجيب ما يسمحش.",negative
"يعجبني التوجه هذا، نحو طاقة أنظف.",positive
"ماذا عن محطات الشحن السريع؟ هل هي متوفرة؟",neutral
"تبدو جيدة، لكن ماذا عن الموثوقية على المدى الطويل؟",neutral
"أكيد خير من الدخان متاع الكراهب لقديمة.",positive
"نخاف من الأعطال المفاجئة في الطريق.",negative
"هل هناك أنواع مختلفة من الشواحن؟",neutral
"أتمنى أن تصبح الأسعار في المتناول قريباً.",positive
"حتى كان شريتها، وين باش تصلحها كان مرضت؟",negative
"موضوع مهم جداً، شكراً على الطرح.",neutral
"أنا واحد من الناس نستنى فيهم بفارغ الصبر.",positive
"التوانسة يحبوا الحاجات الجديدة، أما السوم هو المشكل.",negative
"هل يوجد فرق كبير في الأداء بين مختلف الموديلات؟",neutral
"إن شاء الله تكون بداية خير على بلادنا.",positive
"مازلت متردد، نحسها مغامرة.",negative
"مقارنة بالتكلفة الإجمالية (شراء + صيانة + كهرباء) مع سيارة بنزين، شكون الأفضل؟",neutral
"أحسنت النشر، فيديو توعوي.",positive
"نقصوا مالديوانة تو الناس الكل تشري.",negative
"هل هناك تطبيقات لمعرفة أماكن الشحن؟",neutral
"تبدو كخيار جيد للتنقل داخل المدينة.",positive
"الكهرباء من مصادر متجددة معاها تكون الحكاية أزين وأزين.",positive
"بصراحة، الأسعار مبالغ فيها جداً لتونس.",negative
"كيفاش الدولة تشجع على استعمالها و هي ما وفرتش الأساسيات؟",negative
"هل تتطلب رخصة سياقة خاصة؟ (سؤال بسيط)",neutral
"الواحد ولا يخاف يشري حاجة جديدة لا يلقالهاش قطع غيار.",negative
"فكرة طيبة لكن تحتاج دعم حكومي كبير.",positive
"أنا مع التطور، لكن يجب أن يكون مدروس.",neutral
"كلامك صحيح 100%، البنية التحتية هي الأساس.",negative
"نحب نجرب نسوق واحدة، أكيد إحساس مختلف.",positive
"الخوف كل الخوف من البطارية و مشاكلها.",negative
"هل هناك حوافز ضريبية لشرائها؟",neutral
"تصميم أنيق و مستقبل واعد.",positive
"ربي يسهل و نشوفوهم في كل دار.",positive
"مازلت نفضل صوت الـ V8 هههه، أما البيئة أهم.",neutral
"كل شيء باهي إلا السوم.",negative
"هل صحيح أنها لا تحتاج صيانة دورية مكثفة مثل سيارات البنزين؟",neutral
"فيديو رائع ومفيد، شكراً جزيلاً.",positive
"المشكلة في تونس هي غياب الإرادة السياسية لدعم هذا التوجه.",negative
"كلام في الصميم، يعطيك الصحة.",positive
"نحتاج المزيد من هذه السيارات لتقليل الاعتماد على الوقود الأحفوري.",positive
"زعمة توصل تونس لمرحلة الاعتماد الكلي على السيارات الكهربائية؟ حلم.",neutral
"غالية برشا و الشارج حكاية فارغة في تونس.",negative
"بالتوفيق لتونس في هذا المجال الجديد.",positive
"الفيديو هذا جاء في وقتو! الناس الكل تحكي على الكراهب الإلكتريك.",neutral
"بصراحة، فكرة تحفونة أما الأسعار في تونس تخلي الواحد يبدل رايو.",negative
"قداش الـ garantie متاع البطارية؟ هذا أهم سؤال.",neutral
"يعطيك الصحة على المجهود، أما نحبوا نشوفوا تجارب حقيقية من توانسة شراوهم.",neutral
"تونس لازمها تستثمر في الطاقة الشمسية باش نشارجيوا الكراهب هذوما ببلاش.",positive
"أنا واحد من الناس مازلت خايف من حكاية autonomie، خاصة في السفرات الطويلة.",negative
"هل فما فرق كبير في الـ performance بين الموديلات المختلفة؟",neutral
"برافو لكل واحد يشجع على التكنولوجيا النظيفة! تونس تستاهل كل خير.",positive
"الديوانة يا معلم! الديوانة هي المشكل الأكبر، مش سوم الكرهبة وحدو.",negative
"شنوة الإجراءات باش واحد يركب borne de recharge في دارو؟ ساهلة ولا معقدة؟",neutral
"أنا نشوف إنو مستقبل السيارات في تونس كهربائي، حتى لو طالت المدة.",positive
"كلام جميل، أما الواقع يقول إنو مازلنا بعاد برشا.",negative
"هل الدولة عندها نية حقيقية في تشجيع السيارات الكهربائية ولا مجرد كلام؟",neutral
"أحلى حاجة إنك تعاون في تنظيف الجو و تنقص من التلوث.",positive
"صعيب برشا إقناع التونسي بحاجة جديدة، خاصة كان غالية.",negative
"هل قطع الغيار متوفرة بسهولة في تونس؟ و الأسوام؟",neutral
"نتمناو نشوفو مبادرات من الخواص لتركيب محطات شحن في كل بلاصة.",positive
"الكهرباء في تونس غالية و زيد تقص، كيفاش باش نعملو؟",negative
"هل فما موديلات 7 بلايص (7 places) كهربائية في تونس؟",neutral
"فكرة ممتازة و لازم الدعم من الدولة بتخفيضات ضريبية.",positive
"الأسعار نار يا حبيبي نار، خليها لصحاب الشكارة.",negative
"هل البطارية تتأثر برشا بالحرارة العالية في الصيف التونسي؟",neutral
"كل خطوة نحو بيئة أنظف هي خطوة في الإتجاه الصحيح.",positive
"ما نكذبش عليك، مازلت نفضل قوة و صوت محرك الإيسونس.",negative
"قداش تكلفة شحن البطارية كاملة تقريباً بالدينار التونسي؟",neutral
"تحية لصاحب القناة على هذا الموضوع الهام.",positive
"المشكلة مش في الكرهبة، المشكلة في العقلية و في البنية التحتية الغايبة.",negative
"هل الـ leasing متاح للسيارات الكهربائية في تونس؟",neutral
"أنا متفائل خير، تونس فيها كفاءات تنجم تنجح المشروع هذا.",positive
"يا ولادي راكم تحلموا، الكراهب هذوما مش لينا.",negative
"هل الـ maintenance متاعها أقل بالرسمي من كراهب الليسانس؟",neutral
"فكرة عالمية، إن شاء الله تونس تلتحق بالركب.",positive
"سومها قد حق دار! مستحيل التونسي العادي يقدر عليها.",negative
"هل فما شركات تونسية بدات تصنع في أجزاء منها؟",neutral
"السيارات الكهربائية هي الحل الأمثل لمشكلة التلوث في المدن الكبرى.",positive
"كان ما تتحلش مشكلة البطاريات و إعادة تدويرها، ما عملنا شي.",negative
"سمعت إلي فما تطبيقات توريك وين تلقى بورن شارج، صحيح؟",neutral
"نحييك على الجرأة في طرح مواضيع جديدة و مهمة.",positive
"المواطن التونسي يستاهل يعيش في بيئة نظيفة و يستعمل تكنولوجيا متطورة.",positive
"الأسعار في المتناول حلم بعيد المنال في الوقت الحالي.",negative
"هل تنصح بها كسيارة عائلية للاستعمال اليومي؟",neutral
"أنا مع كل ما هو إيكولوجي و يحافظ على طبيعتنا.",positive
"الكهرباء إلي باش نشارجيوا بيها منين جاية؟ كان مالفيول ما عملنا شيء.",negative
"هل سرعة الشحن تختلف من محطة لأخرى؟",neutral
" Bravo! موضوع في القمة.",positive
"الحكومة لازمها تسهيلات كبيرة باش الناس تتشجع.",negative
"قداش عمر البطارية الافتراضي قبل ما تبدأ تضعاف؟",neutral
"شكلهم مزيان و عصري، أما الأهم هو الأداء و السوم.",neutral
"المشكلة زادة في إعادة البيع، زعمة سومها يطيح برشا؟",negative
"هل الدولة توفر أماكن شحن مجانية أو بأسعار رمزية؟",neutral
"فكرة تستحق التشجيع و الدعم من الجميع.",positive
"مازلت ماعنديش ثقة كاملة في التكنولوجيا هذي، نخاف من الأعطال.",negative
"هل يوجد مراكز صيانة متخصصة و معتمدة في كل الولايات؟",neutral
"خطوة نحو المستقبل، إن شاء الله تونس تكون رائدة فيها.",positive
"الحديث ساهل أما الفعل صعيب، خاصة في ضل الأزمة الإقتصادية.",negative
"شنوة أرخص كرهبة كهربائية موجودة في السوق التونسية حالياً؟",neutral
"ممتاز جداً! نحتاج المزيد من هذا المحتوى التوعوي.",positive
"يا خويا الأسوام تحبس المخ، شكون باش يشري؟",negative
"هل الدولة قاعدة تخدم على بنية تحتية للشحن السريع بين المدن؟",neutral
"أنا مستعد نشري واحدة كان السوم معقول و فما تسهيلات.",positive
"الخوف من تكلفة تغيير البطارية بعد بضع سنوات.",negative
"هل صحيح أن مصاريفها الشهرية أقل برشا من سيارة البنزين؟",neutral
"مجهود يذكر فيشكر، بالتوفيق.",positive
"إذا ما فماش إرادة سياسية حقيقية، الحكاية باش تبقى حبر على ورق.",negative
"ماهي أبرز العلامات التجارية للسيارات الكهربائية المتوفرة في تونس؟",neutral
"شجعتني بالكلام هذا، إن شاء الله نقدر نشري واحدة.",positive
"الواحد ولا يخاف من الأسعار، كل شيء يزيد كان الشهرية هي بيدها.",negative
"هل فما إمكانية لتجربة قيادة السيارات هذه قبل الشراء؟",neutral
"بصراحة، فكرة ممتازة للحد من الضجيج في شوارعنا.",positive
"الـ 'ديوانة' هي العدو الأول للسيارات الكهربائية في تونس.",negative
"نحب نعرف أكثر على أنواع الشواحن المنزلية وتكلفتها.",neutral
"عمل رائع، واصل.",positive
"التغيير يبدأ بخطوة، وهذه خطوة في الاتجاه الصحيح.",positive
"مازلت مش مقتنع، نحسها كذبة كبيرة حكاية البيئة.",negative
"هل الضمان يشمل البطارية في حالة تراجع أدائها بشكل كبير؟",neutral
"إن شاء الله الأسعار تطيح مع الوقت و زيادة المنافسة.",positive
"الوضع الاقتصادي الحالي ما يسمحش برفاهية شراء سيارة كهربائية.",negative
"ما هي المدة اللازمة لشحن السيارة من 0 إلى 100% بالشاحن المنزلي؟",neutral
"كل الدعم للمبادرات إلي تهدف لتطوير بلادنا.",positive
"أنا نفضل نستثمر فلوسي في حاجة مضمونة أكثر من سيارة كهربائية في تونس.",negative
"هل يوجد أي تأثير لتقلبات الجهد الكهربائي في تونس على عملية الشحن أو على السيارة؟",neutral
"مستقبل واعد، و تونس تستحق الأفضل دائماً.",positive
"كلام معقول، أما الواقع ديما أصعب.",negative
"هل فما جمعيات أو مجموعات متاع ملاك سيارات كهربائية في تونس لتبادل الخبرات؟",neutral
"أحسنت! محتوى هادف و مفيد.",positive
"الأسعار لازمها مراجعة جذرية لتناسب القدرة الشرائية للتونسي.",negative
"ما مدى توفر محطات الشحن خارج المدن الكبرى و في المناطق الداخلية؟",neutral
"فكرة جيدة، لكن تحتاج إلى تخطيط استراتيجي طويل المدى من الدولة.",positive
"ما نتصورش التونسي باش يبدل المازوط بالكهرباء بسهولة هكة.",negative
"هل تكنولوجيا البطاريات في تطور مستمر وقد تصبح أرخص وأكثر كفاءة قريباً؟",neutral
"أنا مع التجديد، و السيارة الكهربائية هي مستقبل النقل.",positive
"سعرها لا يشجع بالمرة، خاصة للشباب.",negative
"هل يمكن الاعتماد عليها في السفر بين الولايات بدون مشاكل شحن؟",neutral
"فيديو تثقيفي بامتياز، شكراً لك.",positive
"المشكلة الرئيسية هي الثقة في المنتج و في توفر الخدمات ما بعد البيع.",negative
"هل يمكن شحنها من أي مقبس كهرباء عادي في المنزل أم تحتاج تجهيزات خاصة؟",neutral
"نحو تونس خضراء ومستدامة!",positive
"الاستثمار في سيارة كهربائية في تونس حالياً يعتبر مغامرة غير محسوبة العواقب.",negative
"هل يمكن للدولة أن تفرض تركيب نقاط شحن في المباني السكنية الجديدة؟",neutral
"فكرة طيبة، وإن شاء الله نشوفوها منتشرة في كامل تراب الجمهورية.",positive
"مقارنة بأسعار السيارات العادية المستعملة، الكهربائية مازالت بعيدة كل البعد.",negative
"هل لديها نفس قوة وعزم سيارات البنزين من نفس الفئة؟",neutral
"مجهود تشكر عليه، يعطيك الصحة.",positive
"الدعم الحكومي ضروري جداً لإنجاح هذه النقلة النوعية.",positive
"صديقي، الفيديو متعوب عليه أما الواقع التونسي حاجة أخرى خلاص. الكرهبة الإلكتريك حلم بعيد.",negative
"زعمة الكراهب هذوما يتحملوا سخانة الصيف في الجنوب التونسي؟ البطارية ما تتنفخش؟",neutral
"أنا مع كل ما هو جديد و إيكولوجيك، أما الدولة لازمها توفر البنية التحتية قبل ما تحكي على البيع.",negative
"تحية لتونس المستقبل! السيارات الكهربائية خطوة ضرورية.",positive
"قداش أقل سوم لكرهبة كهربائية تنجم تاخوها في تونس اليوم؟ و شنوا مواصفاتها؟",neutral
"ما فهمتش علاش ما يركزوش على الكراهب الهيبريد (hybrid) كحل وسط لتونس حالياً.",neutral
"بصراحة، منظرهم في الكياس يعمل الكيف. تكنولوجيا نظيفة و أنيقة.",positive
"كان السوم كيف كراهب الإيسونس العادية، غدوة نشري واحدة.",positive
"الميكانسيانات و جماعة قطع الغيار التقليدية شنوة باش يكون مصيرهم؟",neutral
"نخاف من حكاية الـ software و الـ updates متاعها، كان تصير مشكلة شكون يصلحها؟",negative
"فكرة باهية أما لازم حملات توعية كبيرة للناس باش تفهم منافعها و كيفاش تستعملها.",neutral
"الدولة لازمها تفرض على الشركات الكبرى يوفروا نقاط شحن لموظفيهم.",positive
"هل التأمين (assurance) على السيارات الكهربائية أغلى من العادية في تونس؟",neutral
"الواحد يتمنى يشوف تونس الكل تستعمل طاقة نظيفة، أما الطريق مازال طويل.",positive
"سوم البطارية وحدها يجي قد سوم كرهبة أخرى مستعملة! كيفاش هكة؟",negative
"شنوة الحلول المقترحة لإعادة تدوير البطاريات بطريقة آمنة في تونس؟",neutral
"أنا سائق تاكسي، هل فما موديلات كهربائية تصلح للخدمة و تكون اقتصادية بالحق؟",neutral
"يعطيك الصحة، أما حبذا لو فما مقارنة بين تكلفة الكيلومتر الواحد بين كهرباء و إيسونس.",neutral
"مازلت ما شفتش محطة شحن سريعة في حتى طريق سيار، كلام فارغ.",negative
"كلام جميل، لكن يبقى حبر على ورق ما لم تتدخل الدولة بقوة في الأسعار و البنية التحتية.",negative
"أنا كطالب، نحلم بكرهبة إلكتريك صغيرة و ما تصرفش برشة، أما سومهم خيالي.",negative
"هل السيارات الكهربائية تفقد الكثير من قيمتها عند إعادة البيع (revente)؟",neutral
"المشكلة موش في الكرهبة، المشكلة في المواطن إلي مازال ماعندوش ثقافة الحفاظ على البيئة.",negative
"تبارك الله، تكنولوجيا المستقبل بين يدينا. إن شاء الله الأسعار تهبط شوية.",positive
"سمعت إلي هي ساكتة برشا، ما تخوفش شوية في الزحمة و للمترجلين؟",neutral
"وقتاش نشوفوا مبادرات لتصنيع أجزاء من السيارات الكهربائية في تونس؟ نشجعوا الصناعة المحلية.",positive
"اللي عندو شكارة ينجم يشري، أما الزوالي يتفرج و يتحسر.",negative
"هل فما فرق في إستهلاك الكهرباء بين الشتاء و الصيف (مع الكليماتيزور مثلاً)؟",neutral
"برافو! خطوة ممتازة نحو تونس أكثر استدامة و أقل تلوث.",positive
"أنا خايف من الأعطال الإلكترونية المعقدة، موش أي حد ينجم يصلحها.",negative
"هل ممكن الواحد يركب ألواح شمسية في الدار و يشارجي الكرهبة منها مباشرة؟",neutral
"هذي ثورة في عالم النقل، لازمنا نواكبوها.",positive
"تونس جميلة و تستاهل تكون نظيفة. السيارات الكهربائية جزء من الحل.",positive
"الأسوام مبالغ فيها بشكل كبير، لازم الدولة تدخل و تنقص في الأداءات.",negative
"هل صحيح أن تكاليف الصيانة الدورية شبه منعدمة مقارنة بسيارات البنزين؟",neutral
"كل التقدير على المجهود في تقديم محتوى مفيد هكة.",positive
"ماذا عن السيارات الكهربائية الصينية؟ هل هي متوفرة في تونس و أسعارها معقولة؟",neutral
"المشكلة في عقلية "اشري اليوم و بيع غدوة"، الناس تخاف سومها يطيح.",negative
"فكرة ممتازة، خاصة مع ارتفاع أسعار المحروقات الجنوني.",positive
"إذا الدولة ما دعمتش بالمليارات، الحكاية هاذي ما تنجحش في تونس.",negative
"هل نظام التعليق (suspension) متاعها مصمم للطرقات التونسية المكسرة؟",neutral
"أنا مع التقدم، أما لازم يكون مدروس و يراعي ظروف المواطن.",neutral
"أكيد فما ناس باش تستغل الحكاية و تزيد في سوم قطع الغيار و التصليح.",negative
"نحتاج لمزيد من الشفافية حول تكاليف البطاريات و عمرها الافتراضي الحقيقي.",neutral
"كمواطنة، يهمني برشا موضوع جودة الهواء، لذلك نشجع السيارات الكهربائية.",positive
"الواحد قبل ما يشري لازم يخمم في توفر قطع الغيار و كفاءة الفنيين.",negative
"هل يوجد أي مخاطر صحية مرتبطة بالمجالات الكهرومغناطيسية لهذه السيارات؟ (سؤال فضولي)",neutral
"مستقبل واعد، لكن يتطلب صبر و استثمار كبير.",positive
"في أوروبا يعاونوهم برشا، إحنا العكس، يزيدوا عليهم في الديوانة.",negative
"هل بطاريات الحالة الصلبة (solid-state batteries) باش تغير المعادلة في المستقبل القريب؟",neutral
"فكرة حلوة، أما زعمة التونسي مستعد يتخلى على صوت المحرك و "القومانية"؟",neutral
"إذا ما فماش محطات شحن في أماكن العمل و المراكز التجارية، الحكاية ناقصة.",negative
"قداش أقصى مدى تنجم تقطعو كرهبة كهربائية بشارجة وحدة في ظروف قيادة عادية في تونس؟",neutral
"موضوع شيق و يستحق النقاش، شكراً على الإضاءات.",positive
"مازلت نعتبرها تكنولوجيا غير ناضجة كفاية بالنسبة لبلادنا.",negative
"هل فما إمكانية لتأجير (location) السيارات الكهربائية في تونس لتجربتها؟",neutral
"تخفيض التلوث السمعي في المدن وحدو مكسب كبير.",positive
"الأسعار الحالية تجعلها حكراً على طبقة معينة فقط.",negative
"هل يمكن شحنها باستخدام مولد كهربائي (générateur) في حالة انقطاع التيار؟",neutral
"كل التشجيع لهذه المبادرات إلي تخدم مصلحة البيئة و المواطن.",positive
"نخاف من الاعتماد الكلي على الكهرباء، كان صارت أزمة كهرباء وطنية شنوة نعملوا؟",negative
"هل قوة التكييف (climatiseur) هي نفسها في السيارات الكهربائية و سيارات البنزين؟",neutral
"برافو تونس على هذا التوجه نحو مستقبل أخضر.",positive
"الضمان قداش يغطي بالضبط؟ و هل فما وكلاء معتمدين في كل الولايات؟",neutral
"مشكلة البطارية بعد 5 أو 7 سنين هي الهاجس الأكبر.",negative
"نحلموا نشوفوا شوارعنا مليانة بالكراهب هذوما، لكن الطريق يبدو طويل.",neutral
"هل فما تطبيقات هاتف توريك أقرب محطة شحن و حالتها (متوفرة/مشغولة)؟",neutral
"فكرة رائعة، لكن تطبيقها على أرض الواقع يتطلب إرادة سياسية قوية.",positive
"السوم، السوم، ثم السوم... هو المشكلة الأساسية للتونسي.",negative
"ماذا عن تأثير وزن البطارية على أداء السيارة و توازنها؟",neutral
"خطوة جيدة للحد من الاعتماد على المحروقات المستوردة.",positive
"أنا نشجع، أما الدولة لازمها تكون قدوة و تبدأ بتكهريب أسطولها.",positive
"زعمة الورشات العادية تنجم تصلح الأعطال البسيطة فيها؟",neutral
"حتى كان شريتها، و سافرت بيها لمدينة أخرى، نلقى وين نشارجي بسهولة؟",negative
"ألف شكر على الفيديو القيم، استفدنا برشا.",positive
"الاستثمار في البنية التحتية للشحن هو الأولوية قبل كل شيء.",negative
"هل فما خطر من سرقة كابل الشحن إذا خليتها تشارجي في الشارع؟",neutral
"فكرة ممتازة للحفاظ على جمال بلادنا و نظافتها.",positive
"مازلت متردد، نحس إنو فما برشا ضبابية حول مستقبلها في تونس.",negative
"هل يمكن تحويل سيارة بنزين قديمة إلى سيارة كهربائية في تونس؟ و قداش تتكلف؟",neutral
"إلى الأمام يا تونس! نحو مستقبل أكثر استدامة.",positive
"المشكلة كان طاحت en panne في خلاء، شكون باش ينجدك؟",negative
"هل أداء السيارة الكهربائية يتأثر إذا كانت البطارية شبه فارغة؟",neutral
"موضوع في غاية الأهمية، خاصة للأجيال القادمة.",positive
"الأسعار لازم تكون مدروسة باش تشجع مختلف الفئات الإجتماعية.",negative
"ما هي التسهيلات الديوانية أو الجبائية الحالية لتوريد السيارات الكهربائية؟",neutral
"حلم جميل أن نرى تونس تعتمد على الطاقات المتجددة بالكامل.",positive
"إذا كان سعر الكهرباء باش يزيد، وقتها تولي الحكاية ماعادش اقتصادية.",negative
"هل فما فرق في تجربة القيادة بين الكهربائية و العادية؟ (نعومة، تسارع...)",neutral
"مجهود طيب، نتمنى نشوفوا المزيد من هذه المواضيع.",positive
"السيارات الكهربائية جزء من رؤية تونس 2035؟",neutral
"نحتاج ثورة في العقليات قبل الثورة في نوعية السيارات.",negative
"تخيل روحك مسافر و ما تلقاش وين تشارجي، كارثة.",negative
"الفكرة في حد ذاتها ممتازة و نبيلة.",positive
"هل يتم تدريب تقنيين تونسيين على صيانة هذا النوع من السيارات؟",neutral
"مازلت أفضل رائحة البنزين و صوت المحرك القوي، لكن البيئة أهم بالطبع.",neutral
"الاستغناء عن تغيير الزيت و البوجيهات مكسب كبير في حد ذاته.",positive
"الأسعار لازمها تكون في حدود 30 أو 40 ألف دينار باش الناس تنجم تشري.",negative
"هل يمكن للدولة دعم تركيب الشواحن المنزلية بقروض ميسرة؟",neutral
"هذه هي التكنولوجيا التي يجب أن نستثمر فيها لمستقبل أولادنا.",positive
"ماذا عن مقاومتها للماء و الأمطار الغزيرة، خاصة فيما يتعلق بالبطارية؟",neutral
"كل الاحترام لمن يسعى لنشر الوعي البيئي و التكنولوجي.",positive
"بالتوفيق في مشروعك، و إن شاء الله تونس تتقدم أكثر في هذا المجال.",positive
"صديقي، الفيديو متعوب عليه أما الواقع التونسي حاجة أخرى خلاص. الكرهبة الإلكتريك حلم بعيد.",negative
"زعمة الكراهب هذوما يتحملوا سخانة الصيف في الجنوب التونسي؟ البطارية ما تتنفخش؟",neutral
"أنا مع كل ما هو جديد و إيكولوجيك، أما الدولة لازمها توفر البنية التحتية قبل ما تحكي على البيع.",negative
"تحية لتونس المستقبل! السيارات الكهربائية خطوة ضرورية.",positive
"قداش أقل سوم لكرهبة كهربائية تنجم تاخوها في تونس اليوم؟ و شنوا مواصفاتها؟",neutral
"ما فهمتش علاش ما يركزوش على الكراهب الهيبريد (hybrid) كحل وسط لتونس حالياً.",neutral
"بصراحة، منظرهم في الكياس يعمل الكيف. تكنولوجيا نظيفة و أنيقة.",positive
"كان السوم كيف كراهب الإيسونس العادية، غدوة نشري واحدة.",positive
"الميكانسيانات و جماعة قطع الغيار التقليدية شنوة باش يكون مصيرهم؟",neutral
"نخاف من حكاية الـ software و الـ updates متاعها، كان تصير مشكلة شكون يصلحها؟",negative
"فكرة باهية أما لازم حملات توعية كبيرة للناس باش تفهم منافعها و كيفاش تستعملها.",neutral
"الدولة لازمها تفرض على الشركات الكبرى يوفروا نقاط شحن لموظفيهم.",positive
"هل التأمين (assurance) على السيارات الكهربائية أغلى من العادية في تونس؟",neutral
"الواحد يتمنى يشوف تونس الكل تستعمل طاقة نظيفة، أما الطريق مازال طويل.",positive
"سوم البطارية وحدها يجي قد سوم كرهبة أخرى مستعملة! كيفاش هكة؟",negative
"شنوة الحلول المقترحة لإعادة تدوير البطاريات بطريقة آمنة في تونس؟",neutral
"أنا سائق تاكسي، هل فما موديلات كهربائية تصلح للخدمة و تكون اقتصادية بالحق؟",neutral
"يعطيك الصحة، أما حبذا لو فما مقارنة بين تكلفة الكيلومتر الواحد بين كهرباء و إيسونس.",neutral
"مازلت ما شفتش محطة شحن سريعة في حتى طريق سيار، كلام فارغ.",negative
"كلام جميل، لكن يبقى حبر على ورق ما لم تتدخل الدولة بقوة في الأسعار و البنية التحتية.",negative
"أنا كطالب، نحلم بكرهبة إلكتريك صغيرة و ما تصرفش برشة، أما سومهم خيالي.",negative
"هل السيارات الكهربائية تفقد الكثير من قيمتها عند إعادة البيع (revente)؟",neutral
"المشكلة موش في الكرهبة، المشكلة في المواطن إلي مازال ماعندوش ثقافة الحفاظ على البيئة.",negative
"تبارك الله، تكنولوجيا المستقبل بين يدينا. إن شاء الله الأسعار تهبط شوية.",positive
"سمعت إلي هي ساكتة برشا، ما تخوفش شوية في الزحمة و للمترجلين؟",neutral
"وقتاش نشوفوا مبادرات لتصنيع أجزاء من السيارات الكهربائية في تونس؟ نشجعوا الصناعة المحلية.",positive
"اللي عندو شكارة ينجم يشري، أما الزوالي يتفرج و يتحسر.",negative
"هل فما فرق في إستهلاك الكهرباء بين الشتاء و الصيف (مع الكليماتيزور مثلاً)؟",neutral
"برافو! خطوة ممتازة نحو تونس أكثر استدامة و أقل تلوث.",positive
"أنا خايف من الأعطال الإلكترونية المعقدة، موش أي حد ينجم يصلحها.",negative
"هل ممكن الواحد يركب ألواح شمسية في الدار و يشارجي الكرهبة منها مباشرة؟",neutral
"هذي ثورة في عالم النقل، لازمنا نواكبوها.",positive
"تونس جميلة و تستاهل تكون نظيفة. السيارات الكهربائية جزء من الحل.",positive
"الأسوام مبالغ فيها بشكل كبير، لازم الدولة تدخل و تنقص في الأداءات.",negative
"هل صحيح أن تكاليف الصيانة الدورية شبه منعدمة مقارنة بسيارات البنزين؟",neutral
"كل التقدير على المجهود في تقديم محتوى مفيد هكة.",positive
"ماذا عن السيارات الكهربائية الصينية؟ هل هي متوفرة في تونس و أسعارها معقولة؟",neutral
"المشكلة في عقلية "اشري اليوم و بيع غدوة"، الناس تخاف سومها يطيح.",negative
"فكرة ممتازة، خاصة مع ارتفاع أسعار المحروقات الجنوني.",positive
"إذا الدولة ما دعمتش بالمليارات، الحكاية هاذي ما تنجحش في تونس.",negative
"هل نظام التعليق (suspension) متاعها مصمم للطرقات التونسية المكسرة؟",neutral
"أنا مع التقدم، أما لازم يكون مدروس و يراعي ظروف المواطن.",neutral
"أكيد فما ناس باش تستغل الحكاية و تزيد في سوم قطع الغيار و التصليح.",negative
"نحتاج لمزيد من الشفافية حول تكاليف البطاريات و عمرها الافتراضي الحقيقي.",neutral
"كمواطنة، يهمني برشا موضوع جودة الهواء، لذلك نشجع السيارات الكهربائية.",positive
"الواحد قبل ما يشري لازم يخمم في توفر قطع الغيار و كفاءة الفنيين.",negative
"هل يوجد أي مخاطر صحية مرتبطة بالمجالات الكهرومغناطيسية لهذه السيارات؟ (سؤال فضولي)",neutral
"مستقبل واعد، لكن يتطلب صبر و استثمار كبير.",positive
"في أوروبا يعاونوهم برشا، إحنا العكس، يزيدوا عليهم في الديوانة.",negative
"هل بطاريات الحالة الصلبة (solid-state batteries) باش تغير المعادلة في المستقبل القريب؟",neutral
"فكرة حلوة، أما زعمة التونسي مستعد يتخلى على صوت المحرك و "القومانية"؟",neutral
"إذا ما فماش محطات شحن في أماكن العمل و المراكز التجارية، الحكاية ناقصة.",negative
"قداش أقصى مدى تنجم تقطعو كرهبة كهربائية بشارجة وحدة في ظروف قيادة عادية في تونس؟",neutral
"موضوع شيق و يستحق النقاش، شكراً على الإضاءات.",positive
"مازلت نعتبرها تكنولوجيا غير ناضجة كفاية بالنسبة لبلادنا.",negative
"هل فما إمكانية لتأجير (location) السيارات الكهربائية في تونس لتجربتها؟",neutral
"تخفيض التلوث السمعي في المدن وحدو مكسب كبير.",positive
"الأسعار الحالية تجعلها حكراً على طبقة معينة فقط.",negative
"هل يمكن شحنها باستخدام مولد كهربائي (générateur) في حالة انقطاع التيار؟",neutral
"كل التشجيع لهذه المبادرات إلي تخدم مصلحة البيئة و المواطن.",positive
"نخاف من الاعتماد الكلي على الكهرباء، كان صارت أزمة كهرباء وطنية شنوة نعملوا؟",negative
"هل قوة التكييف (climatiseur) هي نفسها في السيارات الكهربائية و سيارات البنزين؟",neutral
"برافو تونس على هذا التوجه نحو مستقبل أخضر.",positive
"الضمان قداش يغطي بالضبط؟ و هل فما وكلاء معتمدين في كل الولايات؟",neutral
"مشكلة البطارية بعد 5 أو 7 سنين هي الهاجس الأكبر.",negative
"نحلموا نشوفوا شوارعنا مليانة بالكراهب هذوما، لكن الطريق يبدو طويل.",neutral
"هل فما تطبيقات هاتف توريك أقرب محطة شحن و حالتها (متوفرة/مشغولة)؟",neutral
"فكرة رائعة، لكن تطبيقها على أرض الواقع يتطلب إرادة سياسية قوية.",positive
"السوم، السوم، ثم السوم... هو المشكلة الأساسية للتونسي.",negative
"ماذا عن تأثير وزن البطارية على أداء السيارة و توازنها؟",neutral
"خطوة جيدة للحد من الاعتماد على المحروقات المستوردة.",positive
"أنا نشجع، أما الدولة لازمها تكون قدوة و تبدأ بتكهريب أسطولها.",positive
"زعمة الورشات العادية تنجم تصلح الأعطال البسيطة فيها؟",neutral
"حتى كان شريتها، و سافرت بيها لمدينة أخرى، نلقى وين نشارجي بسهولة؟",negative
"ألف شكر على الفيديو القيم، استفدنا برشا.",positive
"الاستثمار في البنية التحتية للشحن هو الأولوية قبل كل شيء.",negative
"هل فما خطر من سرقة كابل الشحن إذا خليتها تشارجي في الشارع؟",neutral
"فكرة ممتازة للحفاظ على جمال بلادنا و نظافتها.",positive
"مازلت متردد، نحس إنو فما برشا ضبابية حول مستقبلها في تونس.",negative
"هل يمكن تحويل سيارة بنزين قديمة إلى سيارة كهربائية في تونس؟ و قداش تتكلف؟",neutral
"إلى الأمام يا تونس! نحو مستقبل أكثر استدامة.",positive
"المشكلة كان طاحت en panne في خلاء، شكون باش ينجدك؟",negative
"هل أداء السيارة الكهربائية يتأثر إذا كانت البطارية شبه فارغة؟",neutral
"موضوع في غاية الأهمية، خاصة للأجيال القادمة.",positive
"الأسعار لازم تكون مدروسة باش تشجع مختلف الفئات الإجتماعية.",negative
"ما هي التسهيلات الديوانية أو الجبائية الحالية لتوريد السيارات الكهربائية؟",neutral
"حلم جميل أن نرى تونس تعتمد على الطاقات المتجددة بالكامل.",positive
"إذا كان سعر الكهرباء باش يزيد، وقتها تولي الحكاية ماعادش اقتصادية.",negative
"هل فما فرق في تجربة القيادة بين الكهربائية و العادية؟ (نعومة، تسارع...)",neutral
"مجهود طيب، نتمنى نشوفوا المزيد من هذه المواضيع.",positive
"السيارات الكهربائية جزء من رؤية تونس 2035؟",neutral
"نحتاج ثورة في العقليات قبل الثورة في نوعية السيارات.",negative
"تخيل روحك مسافر و ما تلقاش وين تشارجي، كارثة.",negative
"الفكرة في حد ذاتها ممتازة و نبيلة.",positive
"هل يتم تدريب تقنيين تونسيين على صيانة هذا النوع من السيارات؟",neutral
"مازلت أفضل رائحة البنزين و صوت المحرك القوي، لكن البيئة أهم بالطبع.",neutral
"الاستغناء عن تغيير الزيت و البوجيهات مكسب كبير في حد ذاته.",positive
"الأسعار لازمها تكون في حدود 30 أو 40 ألف دينار باش الناس تنجم تشري.",negative
"هل يمكن للدولة دعم تركيب الشواحن المنزلية بقروض ميسرة؟",neutral
"هذه هي التكنولوجيا التي يجب أن نستثمر فيها لمستقبل أولادنا.",positive
"ماذا عن مقاومتها للماء و الأمطار الغزيرة، خاصة فيما يتعلق بالبطارية؟",neutral
"كل الاحترام لمن يسعى لنشر الوعي البيئي و التكنولوجي.",positive
"بالتوفيق في مشروعك، و إن شاء الله تونس تتقدم أكثر في هذا المجال.",positive
"الفيديو هذا يفتح العينين على برشا حاجات ما كناش نعرفوها على الكراهب الإلكتريك، يعطيك الصحة!",positive
"أنا فلاح و نسكن في الريف، زعمة الكرهبة الإلكتريك تنفعني في الطرقات الترابية و الخدمة؟ ما نتصورش.",negative
"هل قطع الغيار الأصلية للسيارات الكهربائية متوفرة بالكميات الكافية في تونس ولا لازم نستناو شهور؟",neutral
"مبادرة تستحق كل التشجيع! تونس لازمها تكون في الريادة في مجال الطاقات النظيفة في إفريقيا.",positive
"قداش وقت يلزم باش بطارية كرهبة كهربائية تتشحن من شارجور عمومي سريع (كان موجود أصلاً)؟",neutral
"ماذا عن قيمة السيارة الكهربائية بعد 5 أو 10 سنوات؟ هل تصبح بلا قيمة تقريباً بسبب تطور البطاريات؟",negative
"الدولة لازمها تدعم تركيب الشواحن في مواقف السيارات العمومية و المولات و الشركات الكبرى.",positive
"برافو على الشجاعة في اقتحام عالم السيارات الكهربائية في تونس! المستقبل لكم.",positive
"هل صحيح أن السيارات الكهربائية تحتاج لبرمجيات خاصة لتشخيص الأعطال لا تتوفر إلا لدى الوكيل؟",neutral
"أنا مع كل ما هو تكنولوجيا حديثة، لكن بشرط أن تكون في متناول المواطن البسيط.",neutral
"الخوف من أن تصبح هذه السيارات مجرد "بريستيج" للأغنياء و تبقى بعيدة عن المواطن العادي.",negative
"شنوة الإجراءات القانونية و التراخيص اللازمة لتركيب محطة شحن خاصة في المنزل أو العمارة؟",neutral
"هل فمة فرق في إحساس القيادة (conduite) بين الموديلات المختلفة للسيارات الكهربائية؟",neutral
"فكرة ممتازة للحد من انبعاثات الغازات الدفيئة و تحسين جودة الهواء في مدننا المكتظة.",positive
"إذا كانت السيارة متوقفة لفترة طويلة (شهر مثلاً)، هل البطارية تفقد شحنها بشكل كبير؟",neutral
"مازلت نفضل نشري كرهبة مازوط مستعملة مضمونة على مغامرة كرهبة إلكتريك جديدة و غالية.",negative
"كل التقدير للقائمين على هذا العمل التوعوي الهام.",positive
"هل يوجد في تونس شركات متخصصة في تحويل السيارات العادية إلى سيارات كهربائية (retrofit)؟",neutral
"سمعت أنو بعض الدول تقدم إعفاءات ضريبية كبيرة جداً، علاش موش في تونس؟",positive
"زعمة التونسي عندو الوعي الكافي للتعامل مع تكنولوجيا كيف هذي و المحافظة عليها؟",neutral
"المشكلة الكبرى هي "ما بعد البيع"، هل خدمة الصيانة متوفرة و ذات جودة عالية و أسعار معقولة؟",negative
"هل يمكن شحن السيارة الكهربائية في أوقات الذروة لاستهلاك الكهرباء أم أن ذلك ممنوع أو مكلف؟",neutral
"أنا طالب هندسة، و موضوع السيارات الكهربائية يثير اهتمامي جداً. هل توجد فرص للبحث و التطوير في تونس؟",positive
"الأسعار في تونس مقارنة بالدخل الفردي تجعل من السيارة الكهربائية حلماً صعب المنال.",negative
"قداش تكلفة استبدال البطارية كاملة إذا تلفت بعد انتهاء فترة الضمان؟ هذا السؤال المرعب.",neutral
"موضوع يستحق النقاش المعمق. هل فمة ندوات أو مؤتمرات حول هذا الموضوع في تونس؟",neutral
"الدولة مطالبة بتوفير حوافز لتشجيع استعمال الدراجات و السيارات الكهربائية الصغيرة للتنقل داخل المدن.",positive
"الحديث عن البيئة و الكراهب الإلكتريك و أحنا مازلنا نرميو الزبلة في الشارع! لازم ثورة وعي شاملة.",negative
"هل يؤثر استعمال مكيف الهواء أو التدفئة بشكل كبير جداً على مدى السيارة (autonomie)؟",neutral
"تحية لكل شاب تونسي طموح يسعى لتطوير بلاده.",positive
"مازلت خايف من حكاية الـ "software bugs" و المشاكل الإلكترونية اللي ممكن تعطل الكرهبة في أي وقت.",negative
"هل البطاريات المستخدمة في السيارات الكهربائية قابلة للتدوير بشكل كامل وآمن بيئياً؟",neutral
"شكلهم الخارجي يعجبني برشا، تصميم مستقبلي و أنيق.",positive
"لو كان فما بنوك تقدم قروض ميسرة جداً و مخصصة للسيارات الكهربائية، يمكن الوضع يتحسن.",positive
"ماذا عن مقاومة هذه السيارات للملوحة و الرطوبة العالية في المناطق الساحلية التونسية؟",neutral
"نحتاج إلى نماذج نجاح من دول مشابهة لتونس في ظروفها الاقتصادية و الاجتماعية.",positive
"الأسعار لازمها تكون في حدود إمكانيات الطبقة المتوسطة، و إلا ستبقى حكراً على الأثرياء.",negative
"هل السيارات الكهربائية مجهزة بأنظمة ملاحة (GPS) متطورة و تدعم الخرائط التونسية بشكل جيد؟",neutral
"فيديو مفيد و محفز. شكراً على مشاركة هذه المعلومات القيمة.",positive
"ما مدى تأثير تذبذب التيار الكهربائي في تونس على سلامة عملية الشحن و عمر البطارية؟",negative
"هل هناك أي مبادرات لتوعية الأطفال و الشباب في المدارس بأهمية النقل المستدام؟",neutral
"فكرة رائعة و صديقة للبيئة، لكن هل البنية التحتية للشحن جاهزة لاستيعاب عدد كبير من هذه السيارات؟",negative
"أتمنى أن تصبح تونس نموذجاً يحتذى به في مجال الانتقال الطاقي في المنطقة.",positive
"وين نلقاو قائمة بالوكلاء المعتمدين للسيارات الكهربائية في مختلف ولايات الجمهورية؟",neutral
"الواحد ولا يخاف يشري كرهبة جديدة أصلاً، فما بالك بكهربة إلكتريك مازال مستقبلها غامض.",negative
"هل يوجد فرق في تكلفة استهلاك الكهرباء للشحن بين الليل و النهار في تونس؟",neutral
"تحية خاصة من مدينة صفاقس، ننتظر بفارغ الصبر انتشار هذه السيارات للحد من التلوث.",positive
"كان جات سومها معقول، التوانسة الكل يشريوها، شعب يحب الجديد و الفخفخة.",positive
"هل قوة المحرك الكهربائي تعادل قوة محرك البنزين من نفس الفئة الحجمية للسيارة؟",neutral
"المشكلة في تونس هي غياب استراتيجية وطنية واضحة و طويلة المدى للانتقال الطاقي.",negative
"هل يمكن الاعتماد على السيارة الكهربائية للقيام برحلات طويلة بين الشمال و الجنوب التونسي؟",neutral
"مجهود رائع و عمل متقن، بالتوفيق في بقية المشوار.",positive
"مازال المواطن التونسي يعتبر السيارة الكهربائية مجرد "لعبة" للأغنياء و ليست وسيلة نقل عملية.",negative
"هل الضمان الدولي للسيارات الكهربائية يشمل تونس في حال شرائها من الخارج؟",neutral
"أنا كمرأة، تهمني سهولة القيادة و الركن، هل السيارات الكهربائية تتميز في هذا الجانب؟",positive
"الخوف من ندرة قطع الغيار و ارتفاع أسعارها بشكل جنوني.",negative
"هل توجد أي معايير أو شهادات جودة خاصة بالبطاريات المستعملة في السيارات الكهربائية؟",neutral
"نحو مدن تونسية أكثر هدوءاً و نقاءً بفضل هذه التكنولوجيا.",positive
"إذا لم يتم دعم سعر الكهرباء المخصصة للشحن، فلن تكون هناك جدوى اقتصادية كبيرة.",negative
"هل يمكن للسيارة الكهربائية أن تعمل كمصدر طاقة احتياطي للمنزل في حالة انقطاع التيار (V2H)؟",neutral
"مستقبل مشرق ينتظر قطاع النقل في تونس إذا تم تبني هذه التقنيات بحكمة.",positive
"مازلت مقتنع أن السيارة الهجينة القابلة للشحن (PHEV) هي الخيار الأمثل لتونس حالياً.",neutral
"هل ورشات الدهان و إصلاح هياكل السيارات العادية قادرة على التعامل مع السيارات الكهربائية؟",neutral
"فكرة ممتازة، خاصة إذا تم ربط شحنها بمنظومات الطاقة الشمسية المنزلية.",positive
"الأسعار خيالية! الدولة لازمها تتدخل بقوة و إلا ستبقى هذه السيارات مجرد حلم.",negative
"ما هي المدة التقديرية لحياة بطارية سيارة كهربائية في الظروف المناخية التونسية؟",neutral
"عمل جبار يستحق الثناء و التشجيع. واصلوا.",positive
"هل يتم تحديث برمجيات السيارة (software updates) عن بعد أم يجب زيارة الوكيل؟",neutral
"أكبر تحدي هو تغيير العقليات و بناء الثقة في هذه التكنولوجيا الجديدة.",negative
"هل السيارات الكهربائية معفاة من ضريبة الجولان (vignette) السنوية في تونس؟",neutral
"أنا متفائل بمستقبل السيارات الكهربائية في تونس، لكن الأمر يتطلب وقتاً و جهداً.",positive
"ماذا عن تكلفة تركيب شاحن منزلي معتمد و آمن؟ هل هي باهظة؟",negative
"هل هناك أي دراسات حول الأثر البيئي الإجمالي للسيارة الكهربائية (من التصنيع إلى التخلص من البطارية)؟",neutral
"فكرة تستحق أن تُدعم من قبل كل المؤسسات الوطنية و المجتمع المدني.",positive
"الخوف من أن تصبح تونس مكباً لنفايات البطاريات المستعملة من الدول الأخرى.",negative
"هل يمكن برمجة السيارة لتبدأ الشحن في أوقات معينة (مثلاً في الليل للاستفادة من تعريفة منخفضة)؟",neutral
"نحو تونس خضراء و ذكية! السيارات الكهربائية خطوة في هذا الاتجاه.",positive
"ما لم يتم توفير حلول تمويل ميسرة و طويلة الأجل، ستبقى هذه السيارات بعيدة المنال.",negative
"هل قوة تبريد المكيف تتأثر بحالة شحن البطارية؟",neutral
"كل الشكر و التقدير على هذا المحتوى التثقيفي الهام.",positive
"المشكلة ليست في التكنولوجيا، بل في القدرة على تحمل تكلفتها و توفير البنية التحتية اللازمة لها.",negative
"هل هناك أي تعاون بين الجامعات التونسية و شركات السيارات الكهربائية لتطوير كفاءات محلية؟",neutral
"فكرة رائعة، لكن تحتاج إلى تخطيط استراتيجي و رؤية واضحة من صانعي القرار.",positive
"أنا مع التطور، لكن يجب أن يكون هذا التطور شاملاً و لا يقتصر على فئة دون أخرى.",neutral
"ماذا عن اختبارات السلامة (crash tests) لهذه السيارات؟ هل هي بنفس مستوى السيارات التقليدية؟",neutral
"أتمنى أن أرى اليوم الذي تصبح فيه شوارعنا خالية من دخان السيارات و ضجيجها.",positive
"سعر إعادة بيعها بعد سنوات قليلة هو الهاجس الأكبر بالنسبة لي.",negative
"هل يمكن الاعتماد على الطاقة الشمسية فقط لشحن السيارة بشكل يومي؟",neutral
"مجهود يذكر فيشكر، بارك الله فيكم.",positive
"الدولة مطالبة بوضع إطار قانوني واضح ينظم كل ما يتعلق بالسيارات الكهربائية و شحنها.",negative
"هل هناك أي اختلافات جوهرية في قيادة السيارة الكهربائية مقارنة بالسيارة ذات ناقل الحركة الأوتوماتيكي؟",neutral
"فكرة ممتازة للشركات التي لديها أساطيل نقل كبيرة لتقليل تكاليف الوقود و الصيانة.",positive
"التحدي الأكبر هو توفير كهرباء نظيفة و مستدامة لشحن هذه السيارات، و إلا فنحن ندور في حلقة مفرغة.",negative
"هل هناك أي مخاطر من ترك السيارة تشحن طوال الليل دون مراقبة؟",neutral
"خطوة مهمة نحو تحقيق أهداف التنمية المستدامة في تونس.",positive
"مازلت أنتظر انخفاضاً كبيراً في الأسعار قبل التفكير جدياً في شراء واحدة.",negative
"هل يمكن تخصيص ممرات خاصة في الطرقات للسيارات الكهربائية لتشجيع استعمالها؟",neutral
"نحو مستقبل نقل أكثر كفاءة و أقل تلويثاً للبيئة. شكراً على هذا الفيديو الملهم.",positive
"العائق الأكبر هو عدم توفر محطات شحن كافية و سريعة، خاصة بين المدن.",negative
"هل السيارات الكهربائية مناسبة لكبار السن من حيث سهولة الاستخدام و التحكم؟",neutral
"عمل احترافي و محتوى قيم. بالتوفيق في المزيد من النجاحات.",positive
"كل الدعم للمبادرات التي تهدف إلى جعل تونس بلداً أفضل للأجيال القادمة.",positive
"الفيديو هذا يفتح العينين على برشا حاجات ما كناش نعرفوها على الكراهب الإلكتريك، يعطيك الصحة!",positive
"أنا فلاح و نسكن في الريف، زعمة الكرهبة الإلكتريك تنفعني في الطرقات الترابية و الخدمة؟ ما نتصورش.",negative
"هل قطع الغيار الأصلية للسيارات الكهربائية متوفرة بالكميات الكافية في تونس ولا لازم نستناو شهور؟",neutral
"مبادرة تستحق كل التشجيع! تونس لازمها تكون في الريادة في مجال الطاقات النظيفة في إفريقيا.",positive
"قداش وقت يلزم باش بطارية كرهبة كهربائية تتشحن من شارجور عمومي سريع (كان موجود أصلاً)؟",neutral
"ماذا عن قيمة السيارة الكهربائية بعد 5 أو 10 سنوات؟ هل تصبح بلا قيمة تقريباً بسبب تطور البطاريات؟",negative
"الدولة لازمها تدعم تركيب الشواحن في مواقف السيارات العمومية و المولات و الشركات الكبرى.",positive
"برافو على الشجاعة في اقتحام عالم السيارات الكهربائية في تونس! المستقبل لكم.",positive
"هل صحيح أن السيارات الكهربائية تحتاج لبرمجيات خاصة لتشخيص الأعطال لا تتوفر إلا لدى الوكيل؟",neutral
"أنا مع كل ما هو تكنولوجيا حديثة، لكن بشرط أن تكون في متناول المواطن البسيط.",neutral
"الخوف من أن تصبح هذه السيارات مجرد "بريستيج" للأغنياء و تبقى بعيدة عن المواطن العادي.",negative
"شنوة الإجراءات القانونية و التراخيص اللازمة لتركيب محطة شحن خاصة في المنزل أو العمارة؟",neutral
"هل فمة فرق في إحساس القيادة (conduite) بين الموديلات المختلفة للسيارات الكهربائية؟",neutral
"فكرة ممتازة للحد من انبعاثات الغازات الدفيئة و تحسين جودة الهواء في مدننا المكتظة.",positive
"إذا كانت السيارة متوقفة لفترة طويلة (شهر مثلاً)، هل البطارية تفقد شحنها بشكل كبير؟",neutral
"مازلت نفضل نشري كرهبة مازوط مستعملة مضمونة على مغامرة كرهبة إلكتريك جديدة و غالية.",negative
"كل التقدير للقائمين على هذا العمل التوعوي الهام.",positive
"هل يوجد في تونس شركات متخصصة في تحويل السيارات العادية إلى سيارات كهربائية (retrofit)؟",neutral
"سمعت أنو بعض الدول تقدم إعفاءات ضريبية كبيرة جداً، علاش موش في تونس؟",positive
"زعمة التونسي عندو الوعي الكافي للتعامل مع تكنولوجيا كيف هذي و المحافظة عليها؟",neutral
"المشكلة الكبرى هي "ما بعد البيع"، هل خدمة الصيانة متوفرة و ذات جودة عالية و أسعار معقولة؟",negative
"هل يمكن شحن السيارة الكهربائية في أوقات الذروة لاستهلاك الكهرباء أم أن ذلك ممنوع أو مكلف؟",neutral
"أنا طالب هندسة، و موضوع السيارات الكهربائية يثير اهتمامي جداً. هل توجد فرص للبحث و التطوير في تونس؟",positive
"الأسعار في تونس مقارنة بالدخل الفردي تجعل من السيارة الكهربائية حلماً صعب المنال.",negative
"قداش تكلفة استبدال البطارية كاملة إذا تلفت بعد انتهاء فترة الضمان؟ هذا السؤال المرعب.",neutral
"موضوع يستحق النقاش المعمق. هل فمة ندوات أو مؤتمرات حول هذا الموضوع في تونس؟",neutral
"الدولة مطالبة بتوفير حوافز لتشجيع استعمال الدراجات و السيارات الكهربائية الصغيرة للتنقل داخل المدن.",positive
"الحديث عن البيئة و الكراهب الإلكتريك و أحنا مازلنا نرميو الزبلة في الشارع! لازم ثورة وعي شاملة.",negative
"هل يؤثر استعمال مكيف الهواء أو التدفئة بشكل كبير جداً على مدى السيارة (autonomie)؟",neutral
"تحية لكل شاب تونسي طموح يسعى لتطوير بلاده.",positive
"مازلت خايف من حكاية الـ "software bugs" و المشاكل الإلكترونية اللي ممكن تعطل الكرهبة في أي وقت.",negative
"هل البطاريات المستخدمة في السيارات الكهربائية قابلة للتدوير بشكل كامل وآمن بيئياً؟",neutral
"شكلهم الخارجي يعجبني برشا، تصميم مستقبلي و أنيق.",positive
"لو كان فما بنوك تقدم قروض ميسرة جداً و مخصصة للسيارات الكهربائية، يمكن الوضع يتحسن.",positive
"ماذا عن مقاومة هذه السيارات للملوحة و الرطوبة العالية في المناطق الساحلية التونسية؟",neutral
"نحتاج إلى نماذج نجاح من دول مشابهة لتونس في ظروفها الاقتصادية و الاجتماعية.",positive
"الأسعار لازمها تكون في حدود إمكانيات الطبقة المتوسطة، و إلا ستبقى حكراً على الأثرياء.",negative
"هل السيارات الكهربائية مجهزة بأنظمة ملاحة (GPS) متطورة و تدعم الخرائط التونسية بشكل جيد؟",neutral
"فيديو مفيد و محفز. شكراً على مشاركة هذه المعلومات القيمة.",positive
"ما مدى تأثير تذبذب التيار الكهربائي في تونس على سلامة عملية الشحن و عمر البطارية؟",negative
"هل هناك أي مبادرات لتوعية الأطفال و الشباب في المدارس بأهمية النقل المستدام؟",neutral
"فكرة رائعة و صديقة للبيئة، لكن هل البنية التحتية للشحن جاهزة لاستيعاب عدد كبير من هذه السيارات؟",negative
"أتمنى أن تصبح تونس نموذجاً يحتذى به في مجال الانتقال الطاقي في المنطقة.",positive
"وين نلقاو قائمة بالوكلاء المعتمدين للسيارات الكهربائية في مختلف ولايات الجمهورية؟",neutral
"الواحد ولا يخاف يشري كرهبة جديدة أصلاً، فما بالك بكهربة إلكتريك مازال مستقبلها غامض.",negative
"هل يوجد فرق في تكلفة استهلاك الكهرباء للشحن بين الليل و النهار في تونس؟",neutral
"تحية خاصة من مدينة صفاقس، ننتظر بفارغ الصبر انتشار هذه السيارات للحد من التلوث.",positive
"كان جات سومها معقول، التوانسة الكل يشريوها، شعب يحب الجديد و الفخفخة.",positive
"هل قوة المحرك الكهربائي تعادل قوة محرك البنزين من نفس الفئة الحجمية للسيارة؟",neutral
"المشكلة في تونس هي غياب استراتيجية وطنية واضحة و طويلة المدى للانتقال الطاقي.",negative
"هل يمكن الاعتماد على السيارة الكهربائية للقيام برحلات طويلة بين الشمال و الجنوب التونسي؟",neutral
"مجهود رائع و عمل متقن، بالتوفيق في بقية المشوار.",positive
"مازال المواطن التونسي يعتبر السيارة الكهربائية مجرد "لعبة" للأغنياء و ليست وسيلة نقل عملية.",negative
"هل الضمان الدولي للسيارات الكهربائية يشمل تونس في حال شرائها من الخارج؟",neutral
"أنا كمرأة، تهمني سهولة القيادة و الركن، هل السيارات الكهربائية تتميز في هذا الجانب؟",positive
"الخوف من ندرة قطع الغيار و ارتفاع أسعارها بشكل جنوني.",negative
"هل توجد أي معايير أو شهادات جودة خاصة بالبطاريات المستعملة في السيارات الكهربائية؟",neutral
"نحو مدن تونسية أكثر هدوءاً و نقاءً بفضل هذه التكنولوجيا.",positive
"إذا لم يتم دعم سعر الكهرباء المخصصة للشحن، فلن تكون هناك جدوى اقتصادية كبيرة.",negative
"هل يمكن للسيارة الكهربائية أن تعمل كمصدر طاقة احتياطي للمنزل في حالة انقطاع التيار (V2H)؟",neutral
"مستقبل مشرق ينتظر قطاع النقل في تونس إذا تم تبني هذه التقنيات بحكمة.",positive
"مازلت مقتنع أن السيارة الهجينة القابلة للشحن (PHEV) هي الخيار الأمثل لتونس حالياً.",neutral
"هل ورشات الدهان و إصلاح هياكل السيارات العادية قادرة على التعامل مع السيارات الكهربائية؟",neutral
"فكرة ممتازة، خاصة إذا تم ربط شحنها بمنظومات الطاقة الشمسية المنزلية.",positive
"الأسعار خيالية! الدولة لازمها تتدخل بقوة و إلا ستبقى هذه السيارات مجرد حلم.",negative
"ما هي المدة التقديرية لحياة بطارية سيارة كهربائية في الظروف المناخية التونسية؟",neutral
"عمل جبار يستحق الثناء و التشجيع. واصلوا.",positive
"هل يتم تحديث برمجيات السيارة (software updates) عن بعد أم يجب زيارة الوكيل؟",neutral
"أكبر تحدي هو تغيير العقليات و بناء الثقة في هذه التكنولوجيا الجديدة.",negative
"هل السيارات الكهربائية معفاة من ضريبة الجولان (vignette) السنوية في تونس؟",neutral
"أنا متفائل بمستقبل السيارات الكهربائية في تونس، لكن الأمر يتطلب وقتاً و جهداً.",positive
"ماذا عن تكلفة تركيب شاحن منزلي معتمد و آمن؟ هل هي باهظة؟",negative
"هل هناك أي دراسات حول الأثر البيئي الإجمالي للسيارة الكهربائية (من التصنيع إلى التخلص من البطارية)؟",neutral
"فكرة تستحق أن تُدعم من قبل كل المؤسسات الوطنية و المجتمع المدني.",positive
"الخوف من أن تصبح تونس مكباً لنفايات البطاريات المستعملة من الدول الأخرى.",negative
"هل يمكن برمجة السيارة لتبدأ الشحن في أوقات معينة (مثلاً في الليل للاستفادة من تعريفة منخفضة)؟",neutral
"نحو تونس خضراء و ذكية! السيارات الكهربائية خطوة في هذا الاتجاه.",positive
"ما لم يتم توفير حلول تمويل ميسرة و طويلة الأجل، ستبقى هذه السيارات بعيدة المنال.",negative
"هل قوة تبريد المكيف تتأثر بحالة شحن البطارية؟",neutral
"كل الشكر و التقدير على هذا المحتوى التثقيفي الهام.",positive
"المشكلة ليست في التكنولوجيا، بل في القدرة على تحمل تكلفتها و توفير البنية التحتية اللازمة لها.",negative
"هل هناك أي تعاون بين الجامعات التونسية و شركات السيارات الكهربائية لتطوير كفاءات محلية؟",neutral
"فكرة رائعة، لكن تحتاج إلى تخطيط استراتيجي و رؤية واضحة من صانعي القرار.",positive
"أنا مع التطور، لكن يجب أن يكون هذا التطور شاملاً و لا يقتصر على فئة دون أخرى.",neutral
"ماذا عن اختبارات السلامة (crash tests) لهذه السيارات؟ هل هي بنفس مستوى السيارات التقليدية؟",neutral
"أتمنى أن أرى اليوم الذي تصبح فيه شوارعنا خالية من دخان السيارات و ضجيجها.",positive
"سعر إعادة بيعها بعد سنوات قليلة هو الهاجس الأكبر بالنسبة لي.",negative
"هل يمكن الاعتماد على الطاقة الشمسية فقط لشحن السيارة بشكل يومي؟",neutral
"مجهود يذكر فيشكر، بارك الله فيكم.",positive
"الدولة مطالبة بوضع إطار قانوني واضح ينظم كل ما يتعلق بالسيارات الكهربائية و شحنها.",negative
"هل هناك أي اختلافات جوهرية في قيادة السيارة الكهربائية مقارنة بالسيارة ذات ناقل الحركة الأوتوماتيكي؟",neutral
"فكرة ممتازة للشركات التي لديها أساطيل نقل كبيرة لتقليل تكاليف الوقود و الصيانة.",positive
"التحدي الأكبر هو توفير كهرباء نظيفة و مستدامة لشحن هذه السيارات، و إلا فنحن ندور في حلقة مفرغة.",negative
"هل هناك أي مخاطر من ترك السيارة تشحن طوال الليل دون مراقبة؟",neutral
"خطوة مهمة نحو تحقيق أهداف التنمية المستدامة في تونس.",positive
"مازلت أنتظر انخفاضاً كبيراً في الأسعار قبل التفكير جدياً في شراء واحدة.",negative
"هل يمكن تخصيص ممرات خاصة في الطرقات للسيارات الكهربائية لتشجيع استعمالها؟",neutral
"نحو مستقبل نقل أكثر كفاءة و أقل تلويثاً للبيئة. شكراً على هذا الفيديو الملهم.",positive
"العائق الأكبر هو عدم توفر محطات شحن كافية و سريعة، خاصة بين المدن.",negative
"هل السيارات الكهربائية مناسبة لكبار السن من حيث سهولة الاستخدام و التحكم؟",neutral
"عمل احترافي و محتوى قيم. بالتوفيق في المزيد من النجاحات.",positive
"كل الدعم للمبادرات التي تهدف إلى جعل تونس بلداً أفضل للأجيال القادمة.",positive
"الفيديو هذا بصراحة خلاني نخمم بجدية في كرهبة إلكتريك، أما الأسعار مازالت تحكم.",neutral
"ياخي بالرسمي الدولة ما تنجمش تعمل مجهود أكبر في الديوانة على الأقل على الموديلات الاقتصادية؟ حراير.",negative
"هل فمة جمعيات متاع مستهلكين تنجم تضغط باش الأسعار تكون في المتناول و الخدمات مضمونة؟",neutral
"أنا مع كل قطرة إيسونس نوفروها، و كل غرام CO2 نقصوه. تحيا السيارات الكهربائية!",positive
"قداش لازم من panneau solaire باش تشارجي كرهبة في الدار بالباهي؟ و قداش يتكلفوا؟",neutral
"ماذا عن تأثير الأمطار الغزيرة و السيول على أمان البطاريات و الأنظمة الكهربائية للسيارة؟ هذا مهم في تونس.",negative
"الدولة لازمها تبدأ بأسطولها الحكومي، تعطيه كراهب كهربائية باش تكون قدوة و تشجع الناس.",positive
"برافو للقناة على هذا الطرح الموضوعي. نحتاجوا برشا توعية في المجال هذا.",positive
"هل صحيح أنو تكلفة التأمين على السيارات الكهربائية في تونس أعلى من السيارات العادية؟ و علاش؟",neutral
"أنا تونسي مقيم في الخارج و عندي كرهبة إلكتريك، تجربة عالمية، إن شاء الله تونس تلحق بالركب.",positive
"الخوف من أنو بعد ما تشريها، يطلع موديل جديد ببطارية خير و سوم أرخص، و كرهبتك يطيح سومها في التراب.",negative
"شنوة الإجراءات المتبعة في حالة عطب البطارية و هي مازالت تحت الضمان؟ ساهلة الحكاية ولا تعقيدات؟",neutral
"هل فمة إمكانية لشحن السيارة في أماكن العمل؟ الشركات الكبرى تنجم توفر هذا لموظفيها.",neutral
"فكرة عظيمة، خاصة للي يخدم في توصيل الطلبات (livraison) داخل المدينة، اقتصادية برشا.",positive
"إذا السيارة تقعد في الشمس برشا في الصيف، هل هذا يأثر على عمر البطارية أو أدائها؟",neutral
"مازلت نشوف في الكرهبة الإلكتريك "لعبة" متاع ناس لاباس عليها، موش للمواطن البسيط اللي يحسب في كل مليم.",negative
"كل الشكر على المجهودات المبذولة لتنوير الرأي العام حول هذه التكنولوجيا الواعدة.",positive
"هل يوجد في تونس خبراء أو مراكز بحث متخصصة في تكنولوجيا البطاريات و إعادة تدويرها؟",neutral
"سمعت أنو فما دول تعطي منح مالية مباشرة عند شراء سيارة كهربائية، متى نرى هذا في تونس؟",positive
"زعمة الـ software متاع الكراهب هذوما محمي بالباهي من القرصنة (hacking)؟ سؤال مهم.",neutral
"المشكلة الكبرى هي غياب رؤية استراتيجية واضحة من الدولة، كل مرة نسمعوا كلام و ما نشوفوا شي ملموس.",negative
"هل يمكن للسيارة الكهربائية أن تكون وسيلة نقل فعالة للمناطق الريفية و الجبلية في تونس؟",neutral
"أنا كمهندس طاقي، نشجع بقوة على هذا التوجه، لكن يجب أن يكون مدروساً و مستداماً.",positive
"الأسعار في تونس لا تمت للواقع بصلة. لازم مراجعة شاملة لسياسة التسعير و الضرائب.",negative
"قداش العمر الافتراضي لمكونات السيارة الكهربائية الأخرى غير البطارية (المحرك مثلاً)؟",neutral
"موضوع في الصميم، خاصة مع الارتفاع المتواصل لأسعار المحروقات عالمياً.",neutral
"الدولة مطالبة بإنشاء صندوق دعم خاص بالانتقال الطاقي في قطاع النقل.",negative
"هل يؤثر وزن البطارية الثقيل على تآكل الإطارات و نظام التعليق بشكل أسرع؟",neutral
"تحية لكل من يساهم في بناء تونس الغد، تونس الخضراء و المستدامة.",positive
"مازلت خايف من حكاية الـ "autonomie" المعلن عنها، زعمة بالرسمي توصل للرقم هذاكا في ظروف تونس؟",negative
"هل البطاريات الجديدة بتقنية الحالة الصلبة (solid-state) ستحدث ثورة في الأسعار و الأداء قريباً؟",neutral
"تصميمهم الخارجي و الداخلي عادة يكون عصري و جذاب، نقطة تحسب لهم.",positive
"لو كان فما "leasing" شعبي بأسعار مدروسة للسيارات الكهربائية، يمكن برشا شباب يقتنيها.",positive
"ماذا عن تأثير هذه السيارات على شبكة توزيع الكهرباء الوطنية؟ هل هي قادرة على تحمل الضغط الإضافي؟",negative
"هل توجد أي خطط لدمج تطبيقات الهاتف الذكي مع أنظمة السيارة لتسهيل التحكم و المراقبة؟",neutral
"فكرة ممتازة لتنويع مصادر الطاقة في قطاع النقل و تقليل التبعية للخارج.",positive
"الأسعار الحالية تجعل منها استثماراً عالي المخاطر للمواطن العادي.",negative
"هل السيارات الكهربائية تحتفظ بقيمتها عند إعادة البيع أفضل من سيارات الديزل مثلاً؟",neutral
"فيديو أكثر من رائع، معلومات وافية و تحليل دقيق. شكراً جزيلاً.",positive
"ما مدى توفر الفنيين المؤهلين لإجراء الصيانة الدورية و الإصلاحات المعقدة في كل الولايات؟",negative
"هل هناك أي تشريعات خاصة تتعلق بسلامة شحن السيارات الكهربائية في المنازل و المباني المشتركة؟",neutral
"فكرة ممتازة للشركات السياحية لتوفير نقل صديق للبيئة للسياح.",positive
"وينهم المستثمرين التوانسة من إنشاء مصانع لتركيب أو تصنيع أجزاء من هذه السيارات محلياً؟",neutral
"ما نكذبش، منظرهم في الكياس يعمل جو، تحس روحك في فيلم خيال علمي.",positive
"هل قوة التسارع في السيارات الكهربائية تسبب استهلاكاً أكبر للطاقة و تقلل من المدى؟",neutral
"تحية من مدينة سوسة، نتمنى أن تصبح مدينتنا نموذجاً في استعمال السيارات النظيفة.",positive
"كان جات الدولة تشجع بالحق، راهم نقصوا في TVA على الأقل.",negative
"هل يمكن الاعتماد على مراجعات (reviews) السيارات الكهربائية على يوتيوب الأجنبي أم أن التجربة التونسية مختلفة؟",neutral
"نحو مستقبل خالٍ من الانبعاثات الضارة، صحة أولادنا أهم من كل شيء.",positive
"أكبر مشكلة هي "ثقافة السيارة" في تونس، الناس مازالت متعلقة بالماركات التقليدية و محركات الديزل.",negative
"هل الضمان على البطارية يغطي التدهور الطبيعي في أدائها أم الأعطال المفاجئة فقط؟",neutral
"فكرة جيدة للبلديات لتجديد أسطول سيارات النظافة و الخدمات بسيارات كهربائية.",positive
"ماذا عن تكلفة تغيير إطارات السيارات الكهربائية؟ هل هي أغلى بسبب الوزن أو مواصفات خاصة؟",neutral
"أنا مع التكنولوجيا النظيفة، لكن بشرط ألا تكون على حساب جيب المواطن المطحون أصلاً.",negative
"هل توجد أي حلول لتبريد البطارية بشكل فعال في الطقس الحار جداً لضمان أدائها و سلامتها؟",neutral
"مستقبل واعد، لكن يتطلب تضافر جهود الدولة و القطاع الخاص و المواطنين.",positive
"مازلت نرى أن سعر الكهرباء في تونس مرتفع، و مع شحن السيارة سيصبح الفاتورة كارثية.",negative
"هل هناك أي تطبيقات "ذكية" تساعد على إيجاد أرخص و أقرب محطة شحن؟",neutral
"مجهود كبير في هذا الفيديو، يستحق المشاهدة و النشر.",positive
"هل يتم تدريب فرق الحماية المدنية على التعامل مع حوادث السيارات الكهربائية و حرائق البطاريات؟",negative
"هل السيارة الكهربائية تتطلب نوعاً خاصاً من زيت المحرك أو سوائل التبريد؟ (سؤال من شخص ما عندوش فكرة)",neutral
"فكرة ممتازة للحد من التلوث الضوضائي في المدن، خاصة في الليل.",positive
"الأسعار يجب أن تكون مرتبطة بالقدرة الشرائية الحقيقية للمواطن، و ليس بالأسعار العالمية فقط.",negative
"هل يمكن شحن السيارة من أي مقبس كهربائي عادي في المنزل أم يتطلب ذلك تركيبات خاصة و مكلفة؟",neutral
"خطوة نحو الأمام، و لكن يجب أن تكون مدروسة و شاملة لكل الجوانب.",positive
"ماذا عن مدى توفر الأكسسوارات و قطع الغيار التجميلية لهذه السيارات في السوق التونسية؟",neutral
"السيارات الكهربائية هي الحل الأمثل لمشكلة الاختناق المروري و تلوث الهواء في المدن الكبرى.",positive
"أخشى أن تكون هذه مجرد موجة و موضة عابرة، ثم نعود إلى الواقع المر.",negative
"هل يمكن للشركات التونسية الناشئة أن تبتكر حلولاً في مجال برمجيات إدارة شحن السيارات الكهربائية؟",neutral
"فكرة ممتازة لتقليل فاتورة استيراد المحروقات التي تثقل كاهل ميزانية الدولة.",positive
"موضوع هام جداً، لكن أين هي الحملات التوعوية المكثفة من قبل الوزارات المعنية؟",negative
"هل جودة التشطيبات الداخلية و المواد المستخدمة في السيارات الكهربائية تبرر فارق السعر الكبير؟",neutral
"أنا مع كل ما يخدم مصلحة تونس و مستقبل أجيالها القادمة.",positive
"سؤال فني: هل نظام الكبح المتجدد (regenerative braking) فعال حقاً في زيادة مدى السيارة؟",neutral
"الجميل في الأمر هو المساهمة الفردية في تحقيق هدف جماعي نبيل و هو حماية البيئة.",positive
"مازالت الأسعار تمثل الحاجز الأكبر أمام انتشار هذه السيارات في مجتمعنا.",negative
"هل توجد أي مبادرات لتركيب محطات شحن تعمل بالطاقة الشمسية في الطرقات السيارة؟",neutral
"نقلة نوعية تتطلب شجاعة في اتخاذ القرار و استمرارية في التنفيذ.",positive
"إذا كانت الكهرباء المنتجة في تونس مازالت تعتمد بشكل كبير على الغاز، فإن الأثر البيئي الإيجابي محدود.",negative
"ما هي أبرز المعوقات الثقافية و الاجتماعية التي قد تواجه انتشار السيارات الكهربائية في تونس؟",neutral
"شكراً على هذا المحتوى الراقي و الهادف، نتمنى لكم المزيد من التألق.",positive
"يا جماعة، السيارة الكهربائية ليست مجرد وسيلة نقل، بل هي فلسفة حياة و التزام بيئي.",positive
"نتمنى من الوكلاء المعتمدين توفير تجارب قيادة مطولة للعملاء المحتملين.",neutral
"أكبر مخاوفي هي تكلفة استبدال البطارية بعد سنوات، قد تكون أغلى من السيارة نفسها!",negative
"هل هناك فرق في تكلفة "الفحص الفني" (visite technique) للسيارة الكهربائية مقارنة بالسيارة العادية؟",neutral
"مستقبل مشرق ينتظر قطاع النقل في تونس بفضل هذه الابتكارات.",positive
"المشكلة في العقلية الاستهلاكية، التونسي يحب يغير الكرهبة كل عامين، و يخاف من قيمة إعادة البيع.",negative
"هل هناك أي تسهيلات أو قروض بدون فوائد من البنوك الإسلامية لشراء السيارات الكهربائية؟",neutral
"فكرة ممتازة خاصة للذين يعيشون في المدن و لا يسافرون لمسافات طويلة بشكل متكرر.",positive
"متى نرى سياسات حكومية جريئة لدعم هذا القطاع بشكل حقيقي و ليس مجرد تصريحات؟",negative
"هل يمكن للشباب التونسي المبدع أن يطور تطبيقات لمشاركة السيارات الكهربائية (car sharing)؟",neutral
"خطوة جريئة و ضرورية لمستقبل أخضر لتونسنا الحبيبة.",positive
"ما لم يتم توفير شبكة صيانة و قطع غيار بأسعار معقولة، ستبقى هذه السيارات حكراً على القلة.",negative
"هل يمكن للسيارات الكهربائية أن تساهم في تخفيف الضغط على شبكة النقل العمومي؟",neutral
"عمل ممتاز و تقديم احترافي. بالتوفيق.",positive
"كل الدعم للمشاريع التي تهدف إلى تحسين جودة الحياة في تونس.",positive
"نحتاج إلى قصص ملهمة من أوائل المقتنين لهذه السيارات في تونس، كيف كانت تجربتهم؟",neutral
"أنا مقتنع بأنها المستقبل، لكن الحاضر مازال صعباً في تونس.",negative
"هل هناك أي خطط مستقبلية لإنشاء مصانع بطاريات في تونس أو في المنطقة المغاربية؟",neutral
"فيديو في القمة! يوضح برشا نقاط غامضة.",positive
"نتمنى أن لا تكون هذه التكنولوجيا مجرد وسيلة أخرى لنهب جيوب المواطنين بأسعار خيالية.",negative
"هل برامج التدريب المهني في تونس بدأت في إدراج تخصصات متعلقة بالسيارات الكهربائية؟",neutral
"ثورة حقيقية في عالم السيارات، و تونس يجب أن تكون جزءاً منها.",positive
"العائق الأكبر هو سعر الشراء الأولي، لو كان معقولاً، لرأينا انتشاراً أوسع.",negative
"الفيديو هذا كنز! معلومات دقيقة و présentation واضحة، تبارك الله عليكم.",positive
"ياخي بالرسمي الناس تحكي على كراهب إلكتريك و أحنا مازلنا في مشكلة الما و الضو اللي يقص؟ أولويات يا دولة.",negative
"هل فمة شركات تأجير سيارات في تونس بدات توفر موديلات كهربائية لتجربتها قبل الشراء؟ فكرة باهية.",neutral
"أنا مع كل خطوة نحو تونس أنظف و أذكى. السيارات الكهربائية جزء أساسي من الرؤية هذه.",positive
"قداش تستهلك كرهبة كهربائية صغيرة في المدينة من كهرباء بالكيلومتر؟ نحب نعمل مقارنة دقيقة مع الإيسونس.",neutral
"ماذا عن تأثير الغبار الصحراوي (خاصة في الجنوب) على فلاتر الهواء و أنظمة التبريد للبطارية؟",negative
"الدولة لازمها تفرض على الإدارات العمومية و المؤسسات الكبرى نسبة معينة من السيارات الكهربائية في أساطيلها.",positive
"محتوى القناة هذا ديما في المستوى، مواضيع تهم التونسي و تفيدو. واصلوا.",positive
"هل صحيح أنو قيمة إعادة بيع السيارة الكهربائية مرتبطة ارتباط وثيق بصحة البطارية و النسبة المتبقية من عمرها؟",neutral
"أنا تونسي عايش في كندا و نستعمل في كرهبة إلكتريك منذ سنوات، أنصح بها بشدة، خاصة مع دعم الدولة غادي.",positive
"الخوف من أن التكنولوجيا تتطور بسرعة خيالية، و الكرهبة اللي تشريها اليوم تصبح "ديموديه" بعد عامين فقط.",negative
"شنوة الضمانات على المكونات الإلكترونية الأخرى في السيارة غير البطارية (الشاشة، نظام الملاحة، الحساسات)؟",neutral
"هل فمة مبادرات لتشجيع تركيب نقاط شحن في العمارات السكنية المشتركة؟ هذا تحدي كبير.",neutral
"فكرة ممتازة لسائقي سيارات الأجرة (التاكسي الفردي و الجماعي) لتقليل مصاريف الوقود اليومية.",positive
"إذا الكرهبة تقعد في البرد القارص متاع عين دراهم مثلاً، هل هذا يؤثر على سرعة الشحن أو مدى البطارية؟",neutral
"مازلت نشوف فيها "كماليات" و "مظاهر" أكثر منها ضرورة ملحة للمواطن التونسي العادي حالياً.",negative
"شكراً جزيلاً على هذا المجهود التوعوي، نحتاج لمثل هذه المبادرات لتغيير العقليات.",positive
"هل يوجد في تونس مختبرات معتمدة لفحص جودة البطاريات المستوردة و التأكد من مطابقتها للمواصفات؟",neutral
"سمعت أنو في بعض المدن الأوروبية فما "باركينغ" مجاني أو أرخص للسيارات الكهربائية، هل هذا ممكن في تونس؟",positive
"زعمة الـ "هاكرز" ينجموا يخترقوا نظام السيارة و يتحكموا فيها عن بعد؟ هذا جانب أمني مهم.",neutral
"المشكلة موش في نقص المعلومات، المشكلة في غياب الإرادة السياسية و الرؤية الاستشرافية للمستقبل.",negative
"هل يمكن للسيارة الكهربائية أن تكون حلاً عملياً للتنقل بين المدن و القرى في المناطق الداخلية بتونس؟",neutral
"أنا كطالبة في مجال البيئة، أرى أن السيارات الكهربائية ضرورة حتمية لمستقبل كوكبنا.",positive
"الأسعار في تونس خرافية! كأننا نعيش في كوكب آخر. لازم حلول جذرية لمشكلة التضخم و الأسعار.",negative
"قداش العمر الافتراضي للمحرك الكهربائي؟ هل هو أطول بكثير من عمر محرك الاحتراق الداخلي؟",neutral
"موضوع الساعة بامتياز، خاصة مع التغيرات المناخية و ضرورة التحول نحو اقتصاد أخضر.",neutral
"الدولة مطالبة بإنشاء وكالة وطنية للطاقات المتجددة و النقل المستدام تكون لها صلاحيات واسعة.",negative
"هل يؤثر أسلوب القيادة (الرياضي مثلاً) على عمر البطارية على المدى الطويل؟",neutral
"تحية لكل يد تبني و تساهم في تقدم تونس و رفعتها بين الأمم.",positive
"مازلت متردد من حكاية الـ "صمت" متاعها، ما تخوفش شوية في الطرقات الداخلية و بالنسبة للمكفوفين؟",negative
"هل هناك أي تقدم في تطوير بطاريات تستخدم مواد أولية متوفرة و أقل تكلفة من الليثيوم؟",neutral
"تصميم بعض الموديلات الكهربائية يبدو كأنه قادم من المستقبل، يعطي انطباع بالتطور.",positive
"لو كان فما بنوك تشجع بقروض "خضراء" بفائض رمزي، يمكن الناس تتشجع أكثر.",positive
"ماذا عن مقاومة الهيكل الخارجي للسيارة الكهربائية للصدأ و التآكل في المناطق الساحلية الرطبة؟",negative
"هل توجد أي دراسات مقارنة بين التكلفة الإجمالية لامتلاك سيارة كهربائية و سيارة بنزين على مدى 10 سنوات في تونس؟",neutral
"فكرة ممتازة لشركات توزيع الأدوية أو البريد السريع لتخفيض تكاليف التشغيل و البصمة الكربونية.",positive
"الأسعار الحالية تجعلها في متناول نسبة قليلة جداً من المجتمع، و هذا يعمق الفوارق الاجتماعية.",negative
"هل بطاريات السيارات الكهربائية تفقد كفاءتها بشكل ملحوظ مع مرور الزمن حتى لو لم تُستخدم كثيراً؟",neutral
"فيديو توعوي ممتاز، يقدم المعلومة بطريقة مبسطة و مفهومة للجميع. شكراً.",positive
"ما مدى توفر مراكز الصيانة المتخصصة خارج العاصمة و المدن الكبرى؟ هذا هاجس كبير.",negative
"هل هناك أي قوانين تمنع تركيب شواحن غير معتمدة أو مقلدة قد تضر بالسيارة أو الشبكة الكهربائية؟",neutral
"فكرة رائعة لقطاع السياحة البيئية في تونس، مثل تأجير دراجات أو سيارات كهربائية صغيرة للتجول في المحميات.",positive
"وينهم رجال الأعمال التوانسة من الاستثمار في مشاريع تصنيع مكونات السيارات الكهربائية محلياً؟",neutral
"نحب نشكر صاحب القناة على اختيار مواضيع تخدم المواطن و الوطن. فعلاً محتوى هادف.",positive
"هل الحرارة الشديدة داخل السيارة (إذا كانت متوقفة في الشمس) تؤثر على الشاشات و الأنظمة الإلكترونية؟",neutral
"تحية من مدينة بنزرت، نأمل أن تكون مدينتنا سباقة في اعتماد حلول النقل النظيف.",positive
"كان جات الدولة بالحق تحب تشجع، راهم عملوا تعريفة كهرباء خاصة و مخفضة لشحن السيارات.",negative
"هل يمكن الاعتماد على "اليوتيوبرز" الأجانب لتقييم سيارة كهربائية ستُستخدم في ظروف تونس المختلفة؟",neutral
"نحو هواء أنقى لأطفالنا و أحفادنا. كل خطوة في هذا الاتجاه هي مكسب.",positive
"أكبر تحدي هو "العقلية التونسية" التي تفضل "المازوط" و "القوة الغاشمة" على التكنولوجيا النظيفة و الهادئة.",negative
"هل الضمان على السيارة الكهربائية يغطي الأضرار الناتجة عن سوء استخدام الشاحن أو تقلبات التيار؟",neutral
"فكرة جيدة للمستشفيات و المصحات لتوفير سيارات إسعاف كهربائية صغيرة و سريعة داخل المدن.",positive
"ماذا عن تكلفة تغيير نظام التبريد الخاص بالبطارية إذا تعطل؟ هل هو مكلف؟",neutral
"أنا مع كل ما هو "ذكي" و "مستدام"، لكن يجب أن يكون متاحاً للجميع و ليس حكراً على فئة.",negative
"هل توجد أي تطبيقات تسمح بحجز موعد شحن في المحطات العمومية لتجنب الانتظار الطويل؟",neutral
"مستقبل واعد ينتظر تونس إذا تم الاستثمار بذكاء في البنية التحتية و الكفاءات البشرية.",positive
"مازلت أرى أن الاعتماد على الغاز الطبيعي كوقود للسيارات هو حل أنظف و أرخص لتونس حالياً.",negative
"هل هناك أي تعاون بين وزارة النقل و وزارة البيئة و وزارة الصناعة لوضع استراتيجية وطنية موحدة؟",neutral
"مجهود يستحق كل التقدير و الاحترام. معلومات قيمة و ضرورية.",positive
"هل يتم تحديث خرائط نظام الملاحة (GPS) بشكل دوري و مجاني في السيارات الكهربائية؟",negative
"هل السيارة الكهربائية أكثر أماناً في حالات الاصطدام بسبب عدم وجود محرك أمامي كبير؟ (مجرد سؤال)",neutral
"فكرة ممتازة لشركات كراء السيارات لتنويع عروضها و جذب سياح يهتمون بالبيئة.",positive
"الأسعار يجب أن تعكس التكلفة الحقيقية مع هامش ربح معقول، و ليس استغلالاً لحاجة الناس للتطور.",negative
"هل يمكن شحن السيارة الكهربائية باستخدام "باور بانك" (power bank) كبير مخصص للطوارئ؟",neutral
"خطوة نحو تحقيق الاكتفاء الذاتي في مجال الطاقة على المدى الطويل، إذا تم ربطها بالطاقات المتجددة.",positive
"ماذا عن تأثير المجالات الكهرومغناطيسية القوية بالقرب من محطات التحويل الكهربائي على شحن السيارة أو أنظمتها؟",neutral
"السيارات الكهربائية ليست مجرد اتجاه تكنولوجي، بل هي ضرورة لمواجهة تحديات المناخ و التلوث.",positive
"أخشى أن تتحول هذه السيارات إلى "خردة إلكترونية" يصعب التخلص منها بعد سنوات قليلة.",negative
"هل يمكن للبلديات أن تخصص أماكن وقوف مجانية أو بتعريفة منخفضة للسيارات الكهربائية في وسط المدينة؟",neutral
"فكرة ممتازة لتقليل الاعتماد على استيراد قطع غيار المحركات التقليدية المكلفة.",positive
"موضوع حيوي و يستحق المزيد من البحث و النقاش المجتمعي.",negative
"هل جودة الطرقات التونسية (الحفر و الممهلات العشوائية) تؤثر على سلامة البطارية الموجودة أسفل السيارة؟",negative
"أنا مع كل تكنولوجيا تجعل حياتنا أسهل و بيئتنا أنظف، لكن بأسعار مدروسة.",positive
"سؤال للخبراء: هل يمكن لبطارية السيارة الكهربائية أن تتسبب في حريق تلقائي دون سبب واضح؟",neutral
"الجميل في صمتها هو الاستمتاع بالهدوء أثناء القيادة، خاصة في الرحلات الطويلة.",positive
"مازالت الأسعار هي العائق الأكبر و "كاسر الظهر" للمواطن التونسي.",negative
"هل توجد أي مبادرات لتدوير البطاريات التالفة محلياً بدلاً من تصديرها للخارج؟",neutral
"نقلة حضارية تحتاج إلى وعي مجتمعي و دعم حكومي قوي و مستمر.",positive
"إذا كانت الدولة تشجع على الطاقات المتجددة، لماذا لا تدعم السيارات الكهربائية بنفس القوة؟ تناقض.",negative
"ما هي أبرز الشركات العالمية المصنعة للسيارات الكهربائية التي لديها وكلاء رسميين في تونس؟",neutral
"شكراً على هذا الطرح الشامل و الموضوعي. لقد استفدت كثيراً.",positive
"يا جماعة، المستقبل كهربائي سواء شئنا أم أبينا، فلنستعد له من الآن.",positive
"نتمنى من الوكلاء توفير دورات تدريبية مجانية للمشترين الجدد حول كيفية التعامل الأمثل مع السيارة.",neutral
"أكبر تحدي هو بناء شبكة شحن سريعة و موثوقة تغطي كامل البلاد، و ليس فقط المدن الكبرى.",negative
"هل هناك فرق في "عزم الدوران" (torque) بين المحركات الكهربائية و محركات الديزل المشابهة في القوة؟",neutral
"مستقبل أخضر لتونس يبدأ من اليوم، و السيارة الكهربائية هي إحدى ركائزه الأساسية.",positive
"المشكلة في "ثقافة الصيانة" في تونس، هل سيتم التعامل مع هذه التكنولوجيا بالجدية اللازمة؟",negative
"هل هناك أي خطط لإنشاء "ممرات خضراء" للشحن بالطاقة الشمسية على الطرقات السريعة؟",neutral
"فكرة ممتازة خاصة للشباب الذين يبحثون عن حلول تنقل اقتصادية و عصرية.",positive
"متى نرى سياسات ضريبية تحفيزية حقيقية تجعل من شراء سيارة كهربائية قراراً سهلاً و ليس مغامرة؟",negative
"هل يمكن للسيارات الكهربائية أن تساهم في تحسين صورة تونس كوجهة سياحية صديقة للبيئة؟",positive
"خطوة شجاعة و ضرورية، لكن يجب أن تكون مصحوبة بتوعية شاملة و بنية تحتية قوية.",positive
"ما لم يتم التحكم في أسعار قطع الغيار و تكاليف الصيانة، ستبقى السيارة الكهربائية حلماً مؤجلاً.",negative
"هل يمكن للجامعات و مراكز البحث التونسية أن تساهم في تطوير بطاريات أكثر كفاءة و أقل تكلفة؟",neutral
"عمل رائع و مجهود يستحق كل التقدير. بالتوفيق لكم.",positive
"كل الدعم للمشاريع التي تهدف إلى تحقيق التنمية المستدامة و رفاهية المواطن التونسي.",positive
"نحتاج إلى شهادات حية من أوائل المستخدمين في تونس، ما هي إيجابيات و سلبيات تجربتهم؟",neutral
"أنا متفائل بمستقبل هذه التكنولوجيا في تونس، لكن الأمر يتطلب صبرًا و عملاً دؤوبًا.",positive
"هل هناك أي تطبيقات تسمح بمقارنة تكلفة الشحن بين مختلف المزودين (إذا وجدوا)؟",neutral
"فيديو ممتاز! يقدم إجابات شافية على العديد من التساؤلات.",positive
"نتمنى أن لا تتحول هذه السيارات إلى وسيلة جديدة للاستغلال و رفع الأسعار بشكل غير مبرر.",negative
"هل مراكز الفحص الفني في تونس مجهزة بالأدوات و الكفاءات اللازمة لفحص السيارات الكهربائية؟",neutral
"ثورة حقيقية في عالم النقل، و تونس يجب أن تكون في طليعة هذا التحول في المنطقة.",positive
"العائق الأكبر هو سعر الشراء المرتفع جداً مقارنة بالقدرة الشرائية لمعظم التونسيين.",negative

